repetition,auc_grandchild_flip_minus_child_flip
0,0.016393271054345848
1,0.01940982652988943
2,0.011122389369919383
3,0.01417351400090483
4,0.02211432855894946
5,0.013779967741743282
6,0.020599136652360794
7,0.01335346839995799
8,0.011334068684125564
9,0.012593490660978146
10,0.005254895852140895
11,0.012286648656690935
12,0.0005374335644052763
13,0.012163107143610352
14,0.008228387756753663
15,0.013531351966919347
16,0.015472475400429508
17,0.0016603392343956802
18,0.003890844284568873
19,0.01766022693866165
20,0.02092266552595179
21,0.005597201425181053
22,0.0174117072491059
23,0.018688319908738316
24,0.007429529826433745
25,0.0003397064983435838
26,0.027855467041903226
27,0.0061420824669258245
28,0.005585823286263558
29,0.006395655434722536
30,0.018283723657403606
31,0.01825447092876087
32,0.015667671220140456
33,0.013669598289602458
34,0.01707089431829123
35,0.022751030538371353
36,0.007909384266826969
37,0.017795962007749466
38,0.0048804049086678125
39,0.023162532476426856
40,0.0038645286223633057
41,0.012562806673247162
42,0.01007985582664106
43,0.01248858280281151
44,0.0021781714361621685
45,0.001959622524030036
46,0.0026930026886096137
47,0.013189140642009711
48,0.0057549032381618015
49,0.01848388322107475
50,0.007485243773242445
51,0.009409332095979717
52,0.012133210244494652
53,0.008825086597174958
54,0.02027649941132137
55,0.01645779011346704
56,0.00905037011683163
57,0.009929526466899818
58,0.0032018842619609966
59,0.014316968671297947
60,0.016980114358103093
61,0.02321555243476625
62,0.015707031492611767
63,0.011379717098294995
64,0.015438058977659264
65,0.006474378763074218
66,0.018391305321766693
67,0.026834906415146187
68,0.020760247940274756
69,0.016358951052347193
70,0.011537841678320504
71,0.016446468769008127
72,0.024834364480268323
73,-0.004908045536367256
74,0.021163482621417318
75,0.02325694028678038
76,0.021584493311618713
77,0.008111658738172767
78,0.014332755596778823
79,0.013518227533389271
80,0.0104885045103843
81,0.017276412580126577
82,0.004711358637861096
83,0.013998737609125622
84,0.019247172474956997
85,0.005923282486383852
86,0.03131789858753564
87,0.010479249203392937
88,0.006596895278955739
89,0.01771826555284428
90,-0.003349652663245495
91,0.014599082115212103
92,0.011590601121926114
93,0.011746154954042631
94,0.0052065502448122025
95,0.013292260638743225
96,0.014535657046098938
97,0.01563530283517911
98,0.0196050478580293
99,0.01489148991520639
100,0.002228494273004644
101,0.015199464442967048
102,0.014979789768224672
103,0.010231231008822061
104,0.0031506255258345606
105,0.0054811414701364525
106,0.004800387221144953
107,0.01464319816293258
108,0.00388860264723645
109,0.021591117005351323
110,-0.005732842018549844
111,0.0060478195861636275
112,0.020445212461546514
113,0.00012735450501710766
114,0.005510514107090414
115,0.020303014392715424
116,0.0024752761094715137
117,0.0019051036574535551
118,0.008253700223342486
119,0.020911805688736296
120,0.01680164406630158
121,0.014610827307664276
122,0.008557010321102232
123,0.0030263386039814932
124,0.00996088786657201
125,0.00740971549958247
126,0.011419530576976089
127,0.024001545997419993
128,0.015770603088561375
129,0.006075779555227201
130,0.01164456289863025
131,0.019780459863297017
132,0.003142885135668516
133,0.009806559177461538
134,0.009236289435655909
135,0.019541250258144238
136,0.012456957336888674
137,0.006771445283762945
138,0.009123272153550466
139,0.023261838839329974
140,0.017254658145175905
141,0.01599357682954572
142,0.020270537905022645
143,0.022482594646240583
144,0.01587315720361271
145,0.008188555729068625
146,0.014990757705166669
147,0.01881542549206472
148,0.008325168967808105
149,0.0037544032305110164
150,0.012855808329175544
151,0.004701459742924352
152,0.013204513184752575
153,0.012266656798245013
154,0.0035142250617554716
155,0.00835356093357631
156,0.0267992423028085
157,0.013756248149592865
158,0.011187985688650426
159,0.016382827152726986
160,0.012797590064468567
161,0.008817067589173
162,0.004873489443037116
163,0.020335207185200432
164,0.002977437502876157
165,0.018127209033886205
166,-0.00040115711554800093
167,0.021416257587969723
168,0.01195583072159323
169,0.014079629300167595
170,0.03122870620560514
171,0.01759430584252919
172,0.01930370842157192
173,0.0009628246534156837
174,-0.0017888323882921942
175,0.02345415690360486
176,0.023532754612382356
177,0.015265635703344271
178,0.012338271792166067
179,0.010685352214281352
180,-0.004474670552986115
181,0.014165958563989944
182,0.013718661527293063
183,0.0030936706718163176
184,0.018088718756812394
185,0.0014507935820426976
186,0.005449236584274875
187,0.0026105029712333305
188,0.022146435853675706
189,0.007702237704961923
190,0.008043147067415823
191,0.010000408481465606
192,0.03065281315966828
193,0.015882825722331795
194,0.01290188851251084
195,0.01706421805053704
196,-0.0032785776315079618
197,0.004914901598999877
198,0.009232665887630609
199,0.008084743343016454
200,0.017280430175703576
201,0.008546535522998111
202,0.023232057548542073
203,0.0120832075278261
204,0.021133390981098787
205,0.012861687554149182
206,0.009006962664541596
207,0.02496548188472103
208,0.013016788679919511
209,0.014476607518719486
210,0.01654816472330678
211,0.0035080085566523422
212,0.014925787974379046
213,0.0030856610686195163
214,0.008351909896244236
215,0.021294434330095813
216,0.025018479649407288
217,0.0066864875557882675
218,0.018778989036455918
219,0.009960921256016997
220,0.014625006972236898
221,0.009804413704810555
222,0.01639944207518107
223,0.01622213498580316
224,0.014833370258611422
225,0.021982736389611568
226,0.004052616671181619
227,0.022441985058706093
228,0.012481159546123388
229,0.007697604032733452
230,0.013643603619746036
231,0.01093771216934969
232,0.010074662855083072
233,0.010579322503079025
234,0.02910055731437755
235,0.005264370963621756
236,0.011683788930149652
237,-0.0035157850391587253
238,0.011580274376908783
239,0.006564369843410134
240,0.008739379632791922
241,0.006716747740341256
242,0.009104766235104145
243,-0.0009444891621344098
244,0.008254836464842596
245,0.008696032766424833
246,0.016924047305477474
247,0.009196929550264521
248,0.005413624884698209
249,0.01871222020689267
250,0.009921218521100394
251,0.007837579520907245
252,0.011507181795537003
253,0.013176146966842217
254,0.019245380496369924
255,0.005645235983369967
256,0.01139538964326614
257,0.006362328986788013
258,0.017354909564075593
259,0.005208957785829638
260,0.006605592170686014
261,0.011033859095400556
262,0.0008777124598041697
263,0.019935252889303978
264,0.0023320573476893758
265,0.004043386735850141
266,0.01309306659181686
267,0.01873613741082447
268,0.013737885659887428
269,0.0011584821027131875
270,0.009766247522757454
271,0.013926554697347493
272,0.018833186386521983
273,0.008976796916549845
274,0.01734439976413471
275,0.00513356208166138
276,0.018014973925677746
277,0.00776229610196133
278,0.005680428074173904
279,0.008656594718915223
280,0.009463740299801349
281,0.010154318261633932
282,0.00815396577828642
283,0.005717757060243911
284,0.015907763944055797
285,0.009320575881131998
286,0.015198405206966581
287,0.011350324524289412
288,0.01074250363607887
289,0.010463619144456149
290,0.007549089169378798
291,0.00039783899940726286
292,0.026907124366869484
293,0.01604926389419814
294,0.016380889788079056
295,0.010519679355101341
296,0.011860622827196021
297,0.0030522195109770056
298,0.02445176400118443
299,0.00957328676453817
300,0.005811929415675765
301,0.018367577891884035
302,0.008710916558995363
303,0.0009233317135267649
304,0.004377324798387261
305,0.003377669003700734
306,0.015493127995393596
307,0.009038368128990504
308,0.01147420063484128
309,0.008932048699800355
310,0.016179491058520568
311,0.006998136784766906
312,0.008184414713939825
313,0.007968949686703919
314,0.012065373520569356
315,0.007947830372175058
316,0.016649879679718094
317,0.0077029619822927
318,0.012198686872065823
319,0.005181536757456806
320,0.001221140544029442
321,0.012715879899279248
322,0.011173058156487725
323,0.014211597879298044
324,0.01783148614274388
325,0.00010168006571220634
326,-0.001749058059404729
327,0.01753900031284683
328,0.029715144459016574
329,0.02257009020041645
330,0.007593000067215194
331,0.02763116804866128
332,0.002876804714744552
333,0.02195573018643371
334,0.006109201718325741
335,0.012401411094506987
336,0.01115871708962024
337,0.01874430759242529
338,0.010397704626301851
339,0.010019387278285552
340,0.01706439014331307
341,0.005002618074187448
342,0.007100422524581429
343,0.007083091099265859
344,0.011287790457694236
345,0.015171572497893249
346,0.00685425049893762
347,0.01138939909025971
348,0.014323210020174115
349,0.009576505769842147
350,0.015526739063018713
351,0.0023411478024669696
352,0.020538109823234563
353,0.013886982063999742
354,0.02051786795494137
355,0.012259672856999027
356,0.00038555404923956704
357,0.007606720454444993
358,0.009679678157980653
359,0.009359946588669343
360,0.008681769167015463
361,-0.0056818851647620905
362,0.019036547620287836
363,0.019597112165173014
364,0.01250600871638552
365,0.011854212388742957
366,0.011310485913376134
367,0.01534520936997752
368,0.007332549534433186
369,0.014517895918290002
370,0.009930696792096239
371,0.015472739859077822
372,0.015711274132388486
373,0.011276629856904696
374,0.007293459544615577
375,0.018392469796864153
376,0.011650031048488274
377,0.015578387821825412
378,0.02473947145751565
379,0.014932430755434711
380,0.022383566693932266
381,0.02369366665657524
382,-0.0006568593357462182
383,0.019776616251787837
384,0.01094882891422666
385,0.010336703559265081
386,0.01701636248747984
387,0.012476867043036799
388,0.02087259921414375
389,0.01475105254410336
390,0.01743811767902781
391,0.0073775599346550536
392,0.009399636185926763
393,-0.002074562387040735
394,0.015365457095266932
395,0.007268878724116967
396,0.008666743031291446
397,0.0044986906541735205
398,0.001761938915437189
399,0.011456766058363987
400,0.018483652941029938
401,0.014152769142735111
402,0.003845411230004925
403,0.014960481813879545
404,0.005110361591942669
405,0.011710362939125751
406,0.006525871388080029
407,0.007497816162064241
408,-0.0004326769968312494
409,0.006425594758064479
410,0.01500925236121331
411,0.013957599433028878
412,0.021900045287110537
413,-0.00032749382495200763
414,0.024329107617287793
415,0.0215169417854173
416,0.0067586375897603634
417,-0.0010930232900806525
418,0.011313931484985162
419,0.013164146999792847
420,0.019932256361116396
421,0.002603126681252066
422,0.011158229117983254
423,0.006404329170004219
424,0.020967449295903662
425,0.01785981581581153
426,0.02043670626373717
427,0.007691857975440697
428,0.006520364796983591
429,0.023119015749190952
430,-0.0005830080590969455
431,0.014527691652746144
432,0.007461148584073207
433,0.0021486762941250737
434,0.009576852109037581
435,0.014709186406913877
436,0.024246670226921396
437,0.008843731231704677
438,0.010118221016283568
439,0.018560819153249586
440,0.009027653407181813
441,0.02356244564680421
442,0.008236580418106376
443,0.005030348536837592
444,0.007882289283104083
445,0.007538123323204804
446,0.014810392810743589
447,0.00617369159802561
448,0.01944917295975368
449,0.006871638330375629
450,0.005242577741121357
451,0.010039231977862495
452,0.007034697682126945
453,0.011809680388677912
454,0.006857031961465698
455,0.014354545542130781
456,0.0026082249224964604
457,0.017658899846291654
458,0.007498523480919395
459,0.009479787168837572
460,0.031334831523134876
461,0.008965312978650442
462,0.006116810226347913
463,0.023740137630553604
464,0.011447156427494387
465,0.013490616996710614
466,0.019262144740997633
467,-0.0011391979209208758
468,0.012661960006426498
469,0.008441951224681832
470,0.013212730288667096
471,0.012554791658813236
472,0.014114038088593572
473,0.012055719106490725
474,0.014409648314789636
475,0.00942598970866626
476,0.017778210265906647
477,0.009733477178119454
478,-8.817659367343911e-05
479,0.024026750254021012
480,0.022113164688664977
481,0.009530228509784688
482,0.02219344539769763
483,0.022098867002703138
484,0.018885256360556713
485,0.020874027562891917
486,0.017956190809643613
487,0.019332917943650108
488,0.010278346473201028
489,0.017102481455653074
490,0.012171255919839918
491,0.012072612383434711
492,0.0075134544474653175
493,-0.001221629383448719
494,0.00825418373218656
495,0.013375664136971777
496,0.011719227418523825
497,0.01914620327604377
498,0.013798035087310478
499,0.018224076609886897
500,0.014668248871660516
501,0.013742779606029876
502,0.019501674339562514
503,0.010102916649972538
504,0.00878075231298181
505,0.006996664624248972
506,0.00233478286197053
507,-0.005829681458724312
508,0.011303673579438067
509,0.011299032706000744
510,0.019876850253420453
511,0.010346194349376003
512,0.010422416626141628
513,0.013613568909822682
514,0.0042706541731812875
515,0.02433621041475409
516,0.012079936499703847
517,0.013693114578332444
518,0.016489329060507152
519,0.010321596588917292
520,0.017574922486485844
521,0.020342794587266844
522,0.0061226854490396
523,0.009453249263057795
524,0.019723637560481788
525,-0.003380872496170695
526,0.017603421808800146
527,0.009460963903971997
528,0.014772305428749632
529,0.018860739824665185
530,0.023745649480384157
531,0.01768916718842861
532,0.01764054709801277
533,-0.003987708213604391
534,0.01064817919989891
535,0.009804519146472512
536,0.002867158991587071
537,0.022124944203674834
538,0.019565312958010228
539,0.0017669585046614644
540,0.00798077613521675
541,0.014175649224925868
542,0.01066371250453313
543,0.02232176369561345
544,0.010848881161898971
545,0.0069379201339320185
546,-0.0006281947230560858
547,0.0076810761576718845
548,0.02083018517199209
549,0.010206793373533363
550,0.011509868133741552
551,0.01242720874157277
552,0.0062501741087541696
553,0.008333880545908334
554,0.011014654704567972
555,0.01853593194462455
556,0.012622123166049937
557,0.019319931648812627
558,0.0024903241195055603
559,0.007569777628739671
560,0.00470101647634158
561,0.008009291009850594
562,0.01478946790610236
563,0.009666001140197
564,0.016190960181817537
565,0.008688823975144921
566,0.00744038736856234
567,0.015047853723129778
568,0.005100689674427006
569,0.007777250749598452
570,0.007508205365041931
571,0.015263546450052012
572,0.01577948740826607
573,0.025725139102467653
574,0.014776326034570353
575,0.02187907392613797
576,0.010856758386699972
577,0.02336140758132821
578,0.014479987030502128
579,0.005661747724587496
580,0.003853643225211978
581,0.011497907921855233
582,0.007324656540468433
583,0.009950287013212544
584,0.015566100664227034
585,0.0018304393267891683
586,0.010942766624282951
587,0.01566132696844902
588,0.011906666421101164
589,0.01240191938828017
590,0.012701256416476014
591,0.004353919537739781
592,0.026396480616532214
593,0.014782075570257236
594,0.011705604061042596
595,-0.0010337087014228308
596,0.0064996309874783
597,0.010343790461573965
598,0.01031396003380236
599,0.003239961689545101
600,0.01729754930098726
601,0.006519420041085466
602,0.005450953998329178
603,0.012688882667014068
604,0.002316756447713564
605,0.007025808778016285
606,0.016026989806731895
607,0.01857484049994995
608,0.014097722722913208
609,0.009421849040592623
610,0.012359482979547365
611,0.007623147767283012
612,0.009554051658910323
613,0.01377647153153927
614,0.015882283827696964
615,0.012077250572058551
616,0.008441450596536004
617,0.008587941323115578
618,0.014984345055678139
619,0.00579290496214635
620,0.005573489260588538
621,0.023575609696469324
622,0.0004146068503552147
623,0.01782160558171142
624,0.009569271682630442
625,0.024796958004273506
626,0.017218714162796078
627,0.0064433761892290775
628,0.024880013522500022
629,0.013546800775419143
630,0.009643247754650308
631,0.0028981039972116873
632,0.013177345546325214
633,0.007008535756472867
634,0.016710173363776115
635,0.005308069758334422
636,0.014133314331473135
637,0.011632091746485052
638,0.011328418996516154
639,0.0013968905952734811
640,0.0003116024260774175
641,0.002104025245658392
642,0.003791242147050289
643,0.01771245044471048
644,0.005898098367838389
645,0.009291917270795369
646,0.010753833586394368
647,0.004801263927353583
648,0.012954837949761266
649,0.018533260831510412
650,5.6471002636282464e-05
651,0.00908361455843154
652,0.022039850977856323
653,0.008423319226377846
654,0.003722585459266181
655,0.017988230493626634
656,0.012784760248729987
657,-0.0035567060809130746
658,0.005248526127784259
659,0.0066366928653330826
660,0.017982836372360977
661,0.006252569519461071
662,0.0007687720621869509
663,0.0086477321898204
664,0.006472483291812048
665,0.022387926341306263
666,0.0064166846844198044
667,0.005768632268008167
668,0.014237856361822954
669,0.003705563288612379
670,-0.002180914806887202
671,-0.0042260228770267805
672,0.019181751674663627
673,-0.0010505269877725265
674,0.01162662888782695
675,0.006868123071362087
676,0.01654721081872168
677,0.015041822857849163
678,0.01793437051146851
679,0.008367213540617535
680,-0.003837885146002473
681,0.006968288524639821
682,0.015459494107691985
683,0.013434672730375463
684,0.014869352133256797
685,0.025845125149065895
686,-0.0027008097785066187
687,-0.002399021800441825
688,0.005541822382949757
689,0.01653243940112792
690,0.013068134892078143
691,0.009723825372550232
692,0.018783588053425837
693,0.014048797060342455
694,0.007249273810422396
695,0.01821325683235875
696,0.017451137274742567
697,0.013344709868533533
698,0.005320439579929781
699,-0.004191689522423991
700,0.01886006297411913
701,0.016137083900212068
702,0.013124797441298908
703,0.01945293349980093
704,0.011768726545385633
705,0.008758552030638467
706,0.017988214202105057
707,0.014262455122244444
708,0.010564685592522993
709,0.009023376650141746
710,0.020667318605194107
711,0.011063258477756022
712,0.010924336023780623
713,0.013155174139465653
714,0.01557992954851628
715,0.015223098459921092
716,0.02462251826270645
717,0.014485595884552671
718,0.012106303691015952
719,0.003473312453523336
720,0.013700744442420976
721,0.010471574468196798
722,0.013149821522588923
723,0.015736692801636365
724,0.015255812482924846
725,0.011195849951124881
726,0.017651676154688656
727,0.013649266210325695
728,0.009573447280937675
729,0.008010499803392523
730,0.006729079558801643
731,0.02006631278608506
732,0.018003538324512847
733,0.029520062051440865
734,0.02494489982075665
735,0.010553794953357953
736,0.010382391056098728
737,0.009813805288067634
738,0.0051972739079436114
739,0.009713989859205241
740,0.008176903633691945
741,-0.004374924761887833
742,0.0084797357273807
743,0.010626483391207753
744,0.005467368535785777
745,0.012408749210890857
746,0.010877135810573257
747,0.01153900566366095
748,0.03187708165774317
749,0.011593935011602774
750,0.020068516386918422
751,0.02276405927924463
752,0.0074402035245220155
753,0.009097461119977446
754,0.010716936080594208
755,0.010583265281485454
756,0.007829742455971234
757,0.012155802269541272
758,0.012996447772321784
759,0.010014627040077828
760,0.0025533321952818655
761,0.012086510743347212
762,0.02325956641410165
763,0.02194105938634494
764,0.008196813561313743
765,0.020276060608355406
766,0.005619778654964991
767,0.0023406051436617448
768,0.015463780686619133
769,0.002894145254107028
770,0.01108329450530332
771,-0.001792322212686881
772,0.016553172342492872
773,0.0251526640702896
774,0.005390231787981592
775,0.011566716220307693
776,0.018908068210794604
777,0.02069528793109343
778,0.009334916416459116
779,0.015590617667854523
780,0.02462796258479094
781,0.017234750900212426
782,0.013076992302103019
783,0.013309979910130054
784,0.014450365118295005
785,0.011672984649629514
786,0.017803205380224396
787,0.006547296604501374
788,0.016138183944607865
789,0.020601423809947006
790,0.009328137813532256
791,0.011182116972179523
792,0.022939418642601184
793,0.024743766566312497
794,0.022513888608995725
795,0.01702986430292308
796,0.008579604654117112
797,0.006199129402714387
798,0.0033783725148074373
799,0.015643973282900903
800,0.01564852957597984
801,0.013202115098232103
802,0.011215598892298506
803,0.006230696447806383
804,0.0029803550211315866
805,-0.0017041555595841418
806,0.0037605909854300235
807,-0.005221702105473125
808,0.013094840443620748
809,0.025966060294554838
810,0.01684768200231701
811,0.005382769040648938
812,0.02341796738710622
813,0.017365213154623693
814,0.014472962950054624
815,0.014621643404843065
816,0.022856423950029403
817,0.011706187782242305
818,-0.0009108399252816257
819,0.0036285884046564076
820,0.01237097221786565
821,0.0014845522338333694
822,0.014340038205293726
823,0.0033579174899794895
824,0.011246666694542329
825,0.015238043059022877
826,0.011937786801829886
827,0.011511708557916056
828,0.0022377425268694795
829,0.017019522872511406
830,0.01604342063254538
831,0.014381373709207335
832,0.014815044659170717
833,0.00779477094971881
834,0.0008827494581733486
835,0.0002119924926377026
836,0.011222407814755142
837,0.013650879776819447
838,-0.0015539601867425867
839,0.01597412429920997
840,0.016441687454115006
841,0.012036758433907502
842,0.003952103260884021
843,0.0010254376430085532
844,0.013389019951880798
845,0.02581722643686446
846,0.015878821076333427
847,0.0013938435955742623
848,0.022752576832265614
849,0.016038758247936213
850,0.0005584889711535146
851,0.007191511831355246
852,0.011323794656137087
853,0.0058177638599353765
854,0.009905557788072006
855,0.001755899958037821
856,0.01653252840242936
857,0.008997866062564808
858,0.009495505623982159
859,0.01436405320289047
860,0.024971543885242697
861,0.007040860407095284
862,0.020791266427327315
863,0.023283377590781362
864,0.011284639094182647
865,0.004393871196262555
866,0.016808811137968838
867,0.007837702471648167
868,0.017829645776150982
869,0.004674979313809335
870,0.029435270210012465
871,0.004881951294393394
872,0.0032047815289686366
873,0.009383126097444627
874,0.004114694399951213
875,0.003630499970854073
876,0.015012631645598962
877,0.008985123596152444
878,-0.0010392046131909582
879,0.016868638099239663
880,0.009592408538965702
881,0.01291674065702031
882,0.021002344929373473
883,0.011956900588637631
884,0.007239666220957064
885,0.014637052998665467
886,0.01604369159207586
887,0.002591695106406111
888,0.0020815435677131733
889,0.017268008798299705
890,0.013958956995333893
891,0.021234386956325624
892,0.010473528553804679
893,0.01510701610875953
894,0.009960307579852112
895,0.01874627441829757
896,0.018223217180581508
897,0.010134642975110686
898,0.019474175952628237
899,0.007981467780611484
900,0.010955877624789334
901,0.021510532993378906
902,0.016522665688224025
903,-0.00040619206457725987
904,0.0060214293523644935
905,0.015767525045330633
906,0.01939675959579057
907,0.029152321702212713
908,0.012686494122463032
909,0.00822808790676155
910,0.01706126689688514
911,0.0228259760774141
912,0.0060882413588899675
913,0.004949928505766477
914,0.006314605887244973
915,0.0130006607549229
916,0.010978584540409675
917,0.010421707827740545
918,0.016026126267354335
919,0.013420408817864438
920,0.011569780968695653
921,0.014351640876336558
922,0.009379234572672202
923,0.014522652607696696
924,0.018693281821373087
925,0.024155630848847975
926,0.00858967901375407
927,0.0058640928331503694
928,-0.000490851114562818
929,0.007138428497063365
930,0.009231000793805788
931,0.014839572097811282
932,-2.712290184780919e-06
933,0.008408809338717904
934,0.01346087803223256
935,0.015819165151591874
936,0.02439945866799742
937,0.018667315072207757
938,-0.0022165109945446737
939,0.006666702138650948
940,0.014552930131219721
941,0.004728709678464615
942,0.02456661150515249
943,0.003271617864357146
944,0.010458613923940097
945,0.006268332292707179
946,0.021342058489385418
947,0.0037537263664075837
948,0.008756113972520962
949,0.002237725391515011
950,0.020946121391426153
951,0.013675231053379422
952,0.017484630241947574
953,0.010211368882784289
954,0.024216618391028177
955,0.016657543994592072
956,0.016347586385547452
957,0.01068217512853975
958,0.007240188689963234
959,0.015576758312321526
960,0.0013994896133451284
961,0.006258364379125969
962,0.012887477632384514
963,0.013902343495405867
964,0.00867350508007092
965,0.014067582703119696
966,0.014088592762434016
967,0.009288765527846299
968,0.02546239252252258
969,0.012240993621104312
970,0.012052291195407627
971,0.021174249516793142
972,0.00433168846280696
973,0.017940039773506555
974,0.014671310856036568
975,0.0058638582274856965
976,0.00777065673399624
977,0.012242095952213816
978,0.020330335908767205
979,0.00266719614281985
980,0.010344403735954799
981,0.011315173742458828
982,0.017251784093262224
983,0.018073633058219518
984,0.004127384020487845
985,0.027135241061945425
986,0.007960580459218103
987,0.011869092422025163
988,0.010121600346927218
989,0.01564635760176314
990,0.013504701694033061
991,0.0058282997435522566
992,0.006454511950742758
993,0.02028438674987587
994,0.007220705374140546
995,0.005589525764065129
996,0.03059865652605065
997,0.022729307894478912
998,0.010208474332182194
999,0.019322776868889058
1000,0.017323283594257055
1001,0.005461748566312319
1002,-0.0029322385318242272
1003,0.011158995546435957
1004,0.007606947790546048
1005,0.01387487968290424
1006,0.004477123187265897
1007,0.020515838842669387
1008,0.00466620508447646
1009,0.014011862588263035
1010,0.01813649324863209
1011,0.020338984071564203
1012,0.0247734681418057
1013,0.02590867282311682
1014,0.011459057623454116
1015,0.01513947098700541
1016,0.005537446222386833
1017,0.019973721890374274
1018,0.004531783849274329
1019,0.02324148995759734
1020,0.007859846719449726
1021,-0.0008446853768802054
1022,0.01913825494717103
1023,0.01223466270185447
1024,0.009698597599966385
1025,0.012529960740341961
1026,0.026283012142937934
1027,0.008353155455622319
1028,0.01849144370277711
1029,0.030712004293884876
1030,0.021454688852859727
1031,0.0041333437133563855
1032,0.013031548784140923
1033,0.01184663727885693
1034,0.014214033056335618
1035,0.02399560363240283
1036,0.016411445208463826
1037,0.008113578735076454
1038,0.009900644234479006
1039,0.01686757104045744
1040,0.01163821701545581
1041,0.006978435124525784
1042,0.0018002911909210662
1043,0.0013854313245094119
1044,0.01342913734916773
1045,0.009206629418676449
1046,0.019367961209780793
1047,0.012986359255672375
1048,0.018427791592043663
1049,0.006129721870617111
1050,0.010674667466799681
1051,0.012965608394618022
1052,0.0046573708598024455
1053,0.006872344592234958
1054,0.010488403277241098
1055,0.012148323264382643
1056,0.012115177416679224
1057,0.009061368620530641
1058,0.027977330914210174
1059,0.013048255863149838
1060,0.020818508876297548
1061,0.01928223659627748
1062,0.01375823548502686
1063,0.0019398988408035889
1064,0.0038493396206148445
1065,0.018295830613448416
1066,0.004049755512293363
1067,0.01117255000709888
1068,0.008299401394998962
1069,0.011129028541599806
1070,0.013281913403398127
1071,6.773093605783043e-05
1072,0.013390056622557545
1073,0.012361733535512953
1074,0.011995036948095228
1075,0.0076572416322922
1076,0.01202003181153144
1077,0.003731945327626107
1078,0.007358912562116626
1079,0.022094912626700713
1080,0.01987371042379893
1081,0.009067762806204693
1082,0.0037660295887100848
1083,0.0006388562369150641
1084,0.009186858480088045
1085,0.007267429316468621
1086,0.007611503554689869
1087,0.019224660309733244
1088,0.006219183684890495
1089,0.017698464240906042
1090,-0.005990508838970898
1091,0.004946386355536236
1092,0.0097078797429625
1093,0.003569457250757857
1094,0.013374397230178081
1095,0.00735696031045896
1096,0.006997471070634087
1097,0.015472363838895165
1098,0.024558873390109648
1099,0.01837722328217173
1100,0.026025632778546526
1101,0.009605072643080859
1102,0.017400000179409902
1103,0.012680235219182379
1104,0.022777375603979744
1105,0.018234674486894864
1106,0.02559584052651609
1107,0.008688493125621477
1108,0.012695791697855618
1109,0.02389603350693892
1110,0.01040900389277799
1111,0.012643340013292814
1112,0.010857447907196671
1113,-0.0001724141732527551
1114,0.012918318779474913
1115,0.017636678154683727
1116,0.016906562380308077
1117,0.01596885119758984
1118,0.0013339587195507763
1119,0.015098237188880037
1120,0.016931363137509425
1121,0.0035812148545149025
1122,0.008263094724686892
1123,0.014574063304739093
1124,0.014739273873582315
1125,0.030851149090414642
1126,0.015801584535758195
1127,0.005179557974733684
1128,0.018492641619160755
1129,0.007598365600935186
1130,0.01775532816086378
1131,0.004856037869209517
1132,-0.0023081145607407594
1133,0.011551337970175268
1134,0.012001239132541974
1135,0.014012360423343528
1136,0.009319191060806475
1137,0.013466978333117052
1138,0.004549472713939906
1139,0.015817329827187643
1140,0.013703494827054796
1141,0.007286917023450856
1142,0.00645384065008614
1143,0.02069418802928269
1144,0.014039348278047759
1145,0.01374862313248193
1146,0.007180787481480766
1147,0.013929384334952277
1148,0.011295977761477727
1149,0.02006376117467501
1150,0.02584329610087699
1151,0.009091717710794978
1152,0.020970727520070676
1153,0.02870486927513871
1154,0.020963783841952632
1155,0.00848022892097261
1156,0.015652676761844342
1157,0.013643716093871938
1158,0.008004062600022066
1159,0.015929507051745118
1160,0.004081274244023159
1161,0.008211618537242171
1162,0.0013115956774250037
1163,0.015543634685355467
1164,0.024038181639015832
1165,0.013470653704983904
1166,0.014239109101368719
1167,0.012476699689519033
1168,0.004922274445872787
1169,0.006109799290248019
1170,0.021096757011468514
1171,0.003964583302004221
1172,0.0019288267751569332
1173,0.00830219256760889
1174,0.022338234504153842
1175,0.015966024960059833
1176,0.009698059259902747
1177,-0.0007460770947588236
1178,0.009169123428410364
1179,0.016944469556839037
1180,0.018795868320105047
1181,0.00941889022559228
1182,-0.00035851944441589456
1183,0.010868740569346613
1184,0.006511413473227368
1185,0.019818075308426497
1186,0.014142218373951132
1187,0.014250984239992381
1188,-0.004025125970925081
1189,0.006882778436619663
1190,0.0015842705444698568
1191,0.004317297515587959
1192,0.01198595763704935
1193,0.012727470247010153
1194,-0.0011313751194970134
1195,0.014147843943213001
1196,0.016581106167769755
1197,0.01199089118280583
1198,0.012991097200333313
1199,0.011464083109897882
1200,0.010298303902195327
1201,0.013497290940228446
1202,0.0072787341914472
1203,0.010150178042264035
1204,0.01936325429806529
1205,0.01361210934238899
1206,0.014816562890142992
1207,0.003907551204310633
1208,0.012857104155613586
1209,0.021160949859627798
1210,0.009054438656709296
1211,0.019767873442721573
1212,0.0026862333215235124
1213,0.01364503782014126
1214,-0.0030809816696523162
1215,0.01072951893263685
1216,0.00751123909173651
1217,0.008702444145987198
1218,0.007940260215592687
1219,0.005607713193309993
1220,0.017856105074403605
1221,0.02235888871675673
1222,0.020858592443568358
1223,0.012665796102886095
1224,0.02305682013721022
1225,0.017185927057510653
1226,0.00513752541976753
1227,0.015597746804210333
1228,0.007991015221715914
1229,0.007687571153577433
1230,0.002594781274386282
1231,0.027493735724431367
1232,0.008336284874394528
1233,0.012238796015101805
1234,0.0095301977525728
1235,0.01864822908929975
1236,0.012481787918878662
1237,0.023720487352378083
1238,0.0004784132673950614
1239,0.016286625505223307
1240,0.013734236939339062
1241,0.012063925949253318
1242,0.012994114795483513
1243,0.012805375798286445
1244,0.02396927676456395
1245,0.015327739695099263
1246,0.011840331552927408
1247,0.011225665895985948
1248,0.010202515322822792
1249,0.008391499438229477
1250,0.011311242051925241
1251,0.015307941944894043
1252,0.005674597465536557
1253,0.011659095118055629
1254,0.012491965167031327
1255,0.016519173480690763
1256,0.011443382819192993
1257,0.007773935202732063
1258,0.011349336636390484
1259,0.01133413659326743
1260,0.004632083219391903
1261,-0.0005920890374161436
1262,0.008882592040958426
1263,0.02271422176139415
1264,0.0002836821717175919
1265,-0.0013607744679751121
1266,0.007911129798675254
1267,0.01154502057190998
1268,0.005869339654678174
1269,0.005778383674594767
1270,0.005622199385693749
1271,0.0004721809057059989
1272,0.007653329059676528
1273,0.006337967017358004
1274,0.006410908105793145
1275,0.01766759800641482
1276,0.02153978096887621
1277,0.012693220492283275
1278,0.02288540929940075
1279,0.02035828710246934
1280,0.00797620381327746
1281,0.02034131935075023
1282,0.02474148775702889
1283,0.020873159689734355
1284,0.019160373041486878
1285,0.01750812042228811
1286,0.017195069877357194
1287,0.018468167780260614
1288,0.01290299530607153
1289,0.009654723560062917
1290,0.014046052493358552
1291,0.01169113470495542
1292,-2.7918691140493834e-05
1293,0.011272143483238461
1294,-0.001049876210015399
1295,-0.0020512566622840067
1296,0.020385768818201422
1297,0.014102215648171823
1298,0.003349027935022564
1299,0.011024322963424482
1300,0.0031873075180662847
1301,0.00894656722316911
1302,0.0006957279230552782
1303,0.015547924876255115
1304,0.015121941863857624
1305,0.0158221798090159
1306,0.022137495902666338
1307,0.008305764964874007
1308,0.017773162893405803
1309,-0.004706192736215198
1310,0.022882186561448026
1311,0.013466042744684104
1312,0.010068725533170286
1313,0.01589752653424148
1314,0.006478832955702951
1315,-0.002389393350228586
1316,-0.00011841733513617836
1317,0.0015589659261477928
1318,0.013850509742082462
1319,0.01590077457890471
1320,-0.005807192644532444
1321,0.011088676547199472
1322,0.010417584449564421
1323,0.011332392566070437
1324,0.026362845024759607
1325,0.009518139336565423
1326,0.00301322398119086
1327,0.01590153633960345
1328,0.022159841915400547
1329,0.018054914319427073
1330,0.004620688849459209
1331,-0.007173029474566772
1332,0.011156445735145515
1333,0.011208815794374827
1334,0.017559307335653696
1335,0.014725917174781333
1336,0.005241719669603739
1337,0.019438766013402886
1338,0.01951648491483937
1339,0.015416396193657311
1340,0.0070941516119668036
1341,0.003219602551787548
1342,0.00931747357861673
1343,0.013392777422863933
1344,0.009289431294060568
1345,0.003367742334120405
1346,0.0116168230497522
1347,0.008998113971571353
1348,0.005496454183506749
1349,0.015813035556387245
1350,0.018425024402917267
1351,0.008138066581550696
1352,0.0036512432249065085
1353,0.017936015938790795
1354,0.0037601769993366174
1355,0.008758270372777432
1356,0.010637057370252334
1357,0.010965682208335603
1358,-0.006660443365633761
1359,0.011099183305455784
1360,0.021093236719876285
1361,0.020661817484049605
1362,0.011984148920152982
1363,0.01349645204165073
1364,0.009531885892404723
1365,0.014479551013868552
1366,0.011995748185799848
1367,0.022293627052133558
1368,0.001881849239771305
1369,0.023397717925499717
1370,0.022124560969804974
1371,0.005655717454213893
1372,0.008563267617056503
1373,0.012083694358649089
1374,0.005222259790907846
1375,0.021028913490562462
1376,0.0156774751102422
1377,0.007577940387858861
1378,0.008351496250760038
1379,0.002199413935043304
1380,0.01592048454550332
1381,0.0271494981698841
1382,0.01348383648227941
1383,0.013290454582638778
1384,0.0064243883300503235
1385,0.0212808041027861
1386,0.02851766465209793
1387,0.006281252442842056
1388,0.011181264424748871
1389,0.010114178041039201
1390,0.024009956021759815
1391,0.0031321044179787316
1392,0.004385158498585506
1393,0.011098928622698234
1394,0.002505607108670649
1395,0.0037570303182290488
1396,0.009443356022375449
1397,0.008769506224321488
1398,0.020261379543826785
1399,0.007405369489368541
1400,0.00716435783164826
1401,0.013027273357838487
1402,0.00741761189310608
1403,0.02711376468505622
1404,0.021473898276430314
1405,0.021937884611609393
1406,0.00302083478866233
1407,0.008291454529817166
1408,0.007492887142026228
1409,0.015028498618356423
1410,0.006154301110030014
1411,0.00950684599050522
1412,0.010300693027282037
1413,0.012327957591118266
1414,0.013793037330201985
1415,0.02217775049583326
1416,0.012978973152707574
1417,0.006272072993576461
1418,0.018975709021420317
1419,0.0015251171326523538
1420,0.012851204970375285
1421,0.017738096731842345
1422,0.005460425228421939
1423,0.019327372490946848
1424,0.014867331969883768
1425,0.018255618592313172
1426,0.008487196547251497
1427,0.005995580478987184
1428,0.012940045406128364
1429,0.010606089621455816
1430,0.01898904373290744
1431,0.03012144824233598
1432,0.01619426121696499
1433,0.010645963665997571
1434,0.005995360601768973
1435,0.016487565626054135
1436,0.007840001641998717
1437,0.015774494021689955
1438,0.02013898819078508
1439,0.020353056227245925
1440,0.015474834147130578
1441,0.006790593249306642
1442,-0.0004185136641335352
1443,0.007087141686554332
1444,0.011007928046430249
1445,0.012664963499844584
1446,0.016821184595590566
1447,0.009900684832723217
1448,0.01310228192584173
1449,0.02657269742019608
1450,0.014653988362096193
1451,0.0028873125684089063
1452,0.011256957687422298
1453,0.006506816165029794
1454,0.00950437214622657
1455,0.013870774608163328
1456,0.014601765845548731
1457,0.0005639834179611558
1458,0.0009580335760430714
1459,0.008982416491770673
1460,0.007511302675949794
1461,0.007504133161503446
1462,0.007219844146558074
1463,0.021315743833990486
1464,-0.0017299582986084472
1465,0.015885537207732225
1466,0.004902398986490031
1467,0.003384623509235518
1468,0.013648386791449196
1469,0.01628735709630147
1470,0.011689713070859864
1471,-0.004402431535726503
1472,0.009813703865127477
1473,0.006385679614182571
1474,0.01601396556816037
1475,0.003981067383722503
1476,0.017401523956652842
1477,0.011131888674913548
1478,0.01533256497426605
1479,0.004874227141144161
1480,0.018506434407423278
1481,0.03229820965563501
1482,0.016752230378619504
1483,0.008746691989904187
1484,0.020177594607103666
1485,0.016911216169410603
1486,0.015212573715111644
1487,-0.00013767694069799497
1488,0.008197253271320815
1489,0.023430523860100028
1490,0.01924492815443013
1491,0.012812830482404447
1492,0.004020347331366136
1493,0.01640652780886187
1494,0.00949183672477727
1495,0.004784354581363615
1496,0.01199847684295019
1497,0.01794491090802497
1498,0.008573081595853238
1499,0.010774242599557615
1500,0.007853985149242737
1501,0.011604126569725204
1502,0.027005610448370354
1503,0.013875213842688972
1504,0.01623177192777836
1505,0.0035165345251599867
1506,0.021958192623833805
1507,0.009696610861585686
1508,0.02117761318137268
1509,0.005552570261506795
1510,0.02034257994458255
1511,0.028592256519372805
1512,0.014189508733889133
1513,0.0007975795972290367
1514,0.00852716142418175
1515,0.009900235792129064
1516,0.0016343914744403332
1517,0.016069197030578963
1518,0.012692941756534237
1519,0.014705613521609928
1520,0.01104312593567236
1521,0.013150247349735134
1522,0.023227532724378275
1523,0.01798792588972653
1524,0.0014320507642447966
1525,0.00917759922435335
1526,0.02256492217968953
1527,0.009438165050232372
1528,0.018190723365589023
1529,0.015423042617596194
1530,0.012821128568637596
1531,0.005534090748006926
1532,0.005678119736942322
1533,0.003603908237436837
1534,0.026417568846207717
1535,0.015196819274571727
1536,0.013046477918528088
1537,0.007400967996351815
1538,0.013367838139079158
1539,0.02093572060187021
1540,0.017349611418985833
1541,0.005340441965142606
1542,0.014515906199294881
1543,0.010321519929443412
1544,0.0020436703821656854
1545,0.008342498528950526
1546,0.009586385770161465
1547,0.006920485402312493
1548,0.01220914723026345
1549,0.030196999889215426
1550,0.005265075274074937
1551,0.004963178735276963
1552,0.021665297379905635
1553,0.005966701386608153
1554,0.010610336719389823
1555,0.01513415071505586
1556,0.023658286294423014
1557,0.007780400136731314
1558,0.004764500159607943
1559,0.010577946740136124
1560,0.007698691367348687
1561,-0.00495005691103545
1562,0.004912837279747562
1563,0.007530823077426474
1564,0.026050301923608576
1565,0.021287028036093836
1566,0.015810682280163135
1567,0.014860057279920458
1568,0.01118126754005766
1569,0.004257409891413877
1570,0.012469134632397294
1571,0.008764117372474567
1572,-0.004416981819983956
1573,0.019294302828296583
1574,0.011056966753856923
1575,0.013330166390830511
1576,0.012688019641932002
1577,0.0172396158360133
1578,0.02146251536408561
1579,0.01033478304481239
1580,0.012506390359936392
1581,0.0009400601489002458
1582,-0.0028452643836318625
1583,0.02898904476254449
1584,0.011840134134526337
1585,0.007383558513397226
1586,0.022825730352075024
1587,0.011943529823071675
1588,0.01415069754495868
1589,0.004034120889934267
1590,0.009782455373324839
1591,0.01093452380243587
1592,0.008022604317093895
1593,0.026430799098269286
1594,0.01426343742086078
1595,0.013223092051327878
1596,-0.004600919905869305
1597,0.009272873649358582
1598,-0.002258171335857817
1599,0.0010567775986598527
1600,0.009477417045467451
1601,0.0033425540448932534
1602,0.00988839952789633
1603,0.013982922343684367
1604,0.006564335976716573
1605,0.003031528333328204
1606,0.018085984020191237
1607,0.003450270399493305
1608,0.024204248829994945
1609,0.01661888887995666
1610,0.005161280989976369
1611,0.008501087010648
1612,0.004629923970073002
1613,0.019640548863316565
1614,0.009855086183864548
1615,0.012764571401958746
1616,0.021245446818594083
1617,0.012759538085655997
1618,0.028188527703673416
1619,0.022111135917776914
1620,0.00752801012055726
1621,0.01023496997247686
1622,0.006103352439365217
1623,0.024323945934037527
1624,0.010458311070354442
1625,0.008315648941134457
1626,0.011753272025276873
1627,0.009481367455823952
1628,0.012680719216547676
1629,0.007808304250855769
1630,0.007429732639941511
1631,0.017256866663920567
1632,0.005807693796075708
1633,0.009899807859869325
1634,0.011065878045251276
1635,0.011692811528850044
1636,0.002530580929924975
1637,0.017044266087303472
1638,0.002764144499676102
1639,0.01626847808976506
1640,0.015905496568124677
1641,0.01241553700429554
1642,0.014554160467863952
1643,0.0054871992240951295
1644,0.0062759050853281595
1645,0.015677152988677223
1646,0.008619630866543826
1647,0.0011030123142796722
1648,0.017593899330104135
1649,0.013439941337123895
1650,0.002127869931798698
1651,0.017489680545199393
1652,0.018497157640933293
1653,0.020906710123904104
1654,0.02019200886644068
1655,0.005998147403243004
1656,0.017037277775530768
1657,0.017117648024043475
1658,0.017058962462683236
1659,0.023668427052589314
1660,0.012739569502288384
1661,0.015110412166476461
1662,0.011290315149732333
1663,0.02178070281619704
1664,0.003229483068019956
1665,0.022469425341314464
1666,0.015535618549299413
1667,0.009493392743047835
1668,0.011125987182573294
1669,0.011795033540333066
1670,0.010999166346558953
1671,-0.002209075697627516
1672,0.01392382981529916
1673,0.008893324316743612
1674,0.007269539746971865
1675,0.0013566249607156466
1676,-0.002217939531025448
1677,0.016870532317182163
1678,0.011495624225753454
1679,0.006683800379531757
1680,0.024774975993303916
1681,0.010773979671584333
1682,0.004062046762499438
1683,0.02349517786157651
1684,0.02464906435331138
1685,0.012368441178700729
1686,0.014659176148761777
1687,0.01278221943697111
1688,0.009780825254939063
1689,0.015076284396482897
1690,0.012244448684614606
1691,0.015253062597522904
1692,0.0068988726658884
1693,0.015579919648587737
1694,0.021125292420925645
1695,0.00877203133949156
1696,0.015941600639408304
1697,-0.002164626755033483
1698,0.019411871139611292
1699,0.005939813591375187
1700,0.02929734946863982
1701,0.010781654438134503
1702,0.019063611634256183
1703,0.014885880566271825
1704,0.03328432270073023
1705,0.01610501671933373
1706,0.012183209144454588
1707,0.006570230345732231
1708,0.0014039806043643077
1709,0.0032844179388974437
1710,0.0294618159778548
1711,0.01624376609922129
1712,0.020109287917771446
1713,0.004634443502270047
1714,0.005282636975910027
1715,0.014526879207150234
1716,0.01564210409420619
1717,0.004458742892534784
1718,0.017934877250848302
1719,0.005180213295727265
1720,0.01086996361998549
1721,0.014565930821633044
1722,0.006284499404942023
1723,0.01547236642865224
1724,0.01060655043071479
1725,0.010881618759906786
1726,0.015242882677767744
1727,0.0033280335191784305
1728,0.014793850904578631
1729,0.014850880418277645
1730,0.004127487886101955
1731,0.0068625670922796145
1732,-0.0012203196628476354
1733,0.026063100403326822
1734,0.010150081043104109
1735,0.014899670850885283
1736,0.019551174985827924
1737,0.01802404194962981
1738,0.014123041303234163
1739,0.01731235692637989
1740,0.009421119920600463
1741,0.0027404256254082715
1742,0.004882183183925859
1743,-0.00014366526029074844
1744,0.017317088866537156
1745,0.010200074208067567
1746,0.00928854360832776
1747,0.002700672903128587
1748,-0.00028707931900073813
1749,0.004011561003931963
1750,0.00878449727219388
1751,0.015218276691999155
1752,0.008246729396607533
1753,0.011462306483108642
1754,0.008400593054964878
1755,0.0154518446741706
1756,0.009148088312179836
1757,0.021281595779600315
1758,0.011768865454336863
1759,0.010976263471854208
1760,0.017693442482674793
1761,0.010251563664024077
1762,0.017842754817950834
1763,-0.007565242265119121
1764,0.013769464940179499
1765,-0.001341538348352711
1766,0.018433805587085628
1767,0.02547934741975222
1768,0.02030479788628592
1769,0.022123276995330676
1770,0.019825095382391855
1771,0.004078751032207006
1772,0.00747573029292703
1773,0.01330425065952523
1774,0.005504889274689284
1775,0.0066366718735123564
1776,0.0014978913530526716
1777,0.007315359103681529
1778,0.01430808481304835
1779,0.014160867865583349
1780,0.012775830395067023
1781,0.009019509740536114
1782,0.007709745280367386
1783,0.021979988541907636
1784,0.0054508002140033485
1785,0.01196279721836735
1786,0.022144131756651975
1787,0.018297212114323225
1788,0.003950181169342426
1789,0.023635443491725083
1790,7.110050288094971e-05
1791,-0.004518096355457857
1792,0.005568932364432455
1793,0.015299217224515216
1794,0.008684261832991647
1795,0.0048234658856869395
1796,0.015722342348029494
1797,0.008351046837267728
1798,0.0208974366362783
1799,0.01845318731836887
1800,0.020350067489793844
1801,0.0012963305707784922
1802,0.022435487297337242
1803,0.010371380450346579
1804,0.013646671542238975
1805,0.016813612121134303
1806,0.011182312560039875
1807,0.017523712013747916
1808,0.00800027649686541
1809,0.0110787461356594
1810,0.008156879346940316
1811,0.011348556382707375
1812,0.02681869514616375
1813,0.009819059750689307
1814,-0.0002709481571779859
1815,0.0035539316598141024
1816,0.019408070248350895
1817,0.0001966882199092579
1818,0.013959423616002997
1819,0.005716730289773264
1820,0.011732005078616159
1821,0.003584938608725108
1822,0.007994015037296354
1823,0.00917732053617859
1824,0.013467662864313557
1825,0.01481593081743815
1826,0.014303752740073894
1827,0.020426008830361164
1828,0.025050727776046666
1829,0.013120564073514474
1830,0.0200651471491613
1831,-0.003171089401337368
1832,0.008937369227397296
1833,-0.003107156123003052
1834,0.016683971380289764
1835,0.012690681787804747
1836,0.016085930315525188
1837,0.016405189175894064
1838,0.014546512335459338
1839,0.019045597058641728
1840,0.01611046496631463
1841,0.01333380558865005
1842,0.026088324823367204
1843,0.0021395314358165773
1844,0.005035685982768046
1845,0.002887556641517852
1846,0.022230486829171725
1847,0.002969417909898353
1848,0.0011623045754223238
1849,0.011708531929491395
1850,0.008098068422807692
1851,0.011096348012304857
1852,0.029841876079277796
1853,0.0023482596774516695
1854,0.005404258884419644
1855,0.0019592770373194623
1856,0.009301773562262472
1857,0.011492368727546887
1858,0.0203510071752232
1859,0.019631809674059086
1860,0.008443022874522699
1861,0.012596256270361095
1862,0.015734466314367146
1863,0.021444264928623613
1864,0.007203153371236781
1865,0.005631475690103693
1866,0.010085524775262256
1867,0.019944644439267467
1868,0.0075499461596599815
1869,0.006942973439204914
1870,0.0168840644228766
1871,0.005776822147574134
1872,0.02446787715765697
1873,0.010169754414248944
1874,0.009403911963922762
1875,0.009758592153457424
1876,0.019456630141463482
1877,0.016426747648878637
1878,0.01822570177262328
1879,0.008705682917966806
1880,0.026357502206067474
1881,0.013946634374701339
1882,0.0076300502377290025
1883,0.021107781464909436
1884,0.016844365068608758
1885,0.01749115236826415
1886,0.006273674308157395
1887,0.014886977264306434
1888,0.013574459053269594
1889,0.0035022661859797077
1890,0.015111750856654615
1891,0.016373405152908638
1892,0.011933898349225758
1893,0.01055880787063146
1894,0.006264100310665266
1895,0.007938078883011124
1896,0.013840303401358334
1897,0.006817554639446222
1898,0.014067066435931141
1899,0.0017341105971960813
1900,0.008725326796921284
1901,0.012058486499702203
1902,0.013887076240528762
1903,0.012198981835255807
1904,0.01734766112191566
1905,0.010898451597403658
1906,0.0024821387307606413
1907,0.014205650080308052
1908,0.007149768457047401
1909,0.005138810840127794
1910,0.011383397704673781
1911,0.002293545635307037
1912,0.03619518889122708
1913,0.013195114506829753
1914,0.0115316261162407
1915,0.011116748801519027
1916,0.004439296822914662
1917,0.012276585897746495
1918,-0.0012807996809894862
1919,0.01937708935624416
1920,0.016625459376742868
1921,0.01456981357532483
1922,0.011109835179546002
1923,0.017061798994929878
1924,0.009832135664368247
1925,0.022113298628833822
1926,0.019069539619722464
1927,-0.0065035020485588735
1928,0.006742369176108154
1929,0.017122472550799794
1930,0.024530321051018933
1931,0.0032351171749717134
1932,0.008522809488954008
1933,0.016175188400263885
1934,0.01810943753615657
1935,0.017736827580062453
1936,0.011565865922704588
1937,0.007127680795210867
1938,0.022193174520333314
1939,0.013557721606071882
1940,0.008585868065375979
1941,0.0014863686353248085
1942,0.008120017563594817
1943,0.01968078318419131
1944,0.004033048259008298
1945,0.0062930518743135044
1946,0.026817879082432605
1947,0.012973993548440088
1948,0.00854445674721982
1949,0.008149103103645139
1950,0.009534488536764862
1951,0.011960986873014834
1952,0.01842616119363827
1953,0.009379086275833282
1954,0.004279684074052992
1955,0.005474465123818439
1956,0.008069517214696176
1957,-0.002637377733755275
1958,0.011701134488576015
1959,0.006631107979458317
1960,0.0211571836587644
1961,0.006221975182882922
1962,0.019717728158826886
1963,0.015928236108854077
1964,0.021136877141566424
1965,0.0029854771298812866
1966,0.02468760204568521
1967,0.006094057735584579
1968,0.010812128114662256
1969,-0.0005858332946910849
1970,0.013096335630968237
1971,0.004889225294284261
1972,0.00980797222941654
1973,0.022796195478895
1974,0.011820519865390344
1975,0.009791700700592876
1976,0.015507699009699172
1977,0.006943588089569519
1978,0.016695108381326373
1979,0.018687683587380266
1980,0.008279956226484808
1981,0.002678640695797374
1982,0.01728867138793866
1983,0.005388559116552449
1984,0.004039913102465098
1985,0.010404322902020757
1986,0.006340030646724837
1987,0.007130802278910386
1988,0.003143418947999743
1989,0.01984494079590493
1990,0.016563388952706593
1991,0.011554680194976075
1992,0.017266301361974157
1993,0.00854702067034141
1994,0.017122838775619598
1995,0.017856124384285854
1996,0.025692731328425422
1997,0.012557915699767441
1998,0.013551582652809646
1999,0.021232654606541224
