"","Folder","SliceNumber","Death.1","Death.2","Death.3","Div.1","Div.2","Div3"
"2","1",2,135,42,37,NA,NA,0.18421
"8","1",9,266,109,77,NA,NA,NA
"9","1",10,280,1,123,NA,0,NA
"10","1",12,54,18,0,0.18519,NA,0
"12","1",14,222,72,0,NA,NA,0
"13","1",15,271,79,0,NA,NA,0
"15","1",17,157,182,0,NA,NA,0
"18","2",2,75,8,1,0.16,NA,0
"23","2",7,80,277,48,0.125,NA,0.16327
"24","2",8,300,20,8,NA,NA,0.11111
"25","2",11,240,73,0,NA,NA,0
"26","2",12,144,119,15,NA,0.15833,0.0625
"29","2",16,109,45,0,0.18349,NA,0
"30","2",18,244,94,148,NA,NA,NA
"31","3",1,5,1,271,0.2,0,NA
"36","3",7,188,183,0,NA,NA,0
"37","3",9,190,17,11,NA,0.11111,0.16667
"41","3",13,95,1,95,NA,0,NA
"46","3",18,191,8,0,NA,NA,0
"48","4",2,26,16,0,0.15385,0.058824,0
"50","4",5,201,375,368,NA,NA,NA
"55","4",10,93,50,0,NA,NA,0
"56","4",11,290,1,61,NA,0,NA
"58","4",13,62,89,0,NA,NA,0
"62","4",17,176,135,0,NA,NA,0
"65","5",2,174,1,0,NA,0,0
"67","5",4,243,16,0,NA,NA,0
"71","5",10,133,192,0,NA,NA,0
"72","5",11,231,38,0,NA,NA,0
"77","5",18,245,31,31,NA,NA,NA
"78","6",1,126,11,77,NA,NA,NA
"79","6",2,61,6,0,NA,NA,0
"81","6",4,63,123,20,NA,NA,NA
"82","6",6,92,74,0,NA,NA,0
"83","6",7,278,19,27,NA,NA,NA
"85","6",9,74,313,103,0.18919,NA,NA
"88","6",12,283,29,0,NA,NA,0
"91","6",15,295,1,460,NA,0,NA
"93","6",17,280,44,0,NA,NA,0
"94","7",1,137,162,0,NA,NA,0
"95","7",2,117,24,0,NA,NA,0
"97","7",4,214,104,32,NA,NA,NA
"98","7",5,244,82,0,NA,NA,0
"99","7",6,172,73,122,0.2093,NA,NA
"100","7",10,298,94,0,NA,NA,0
"103","7",13,94,33,1,NA,NA,0
"112","8",7,281,83,9,NA,NA,NA
"113","8",8,269,83,0,NA,NA,0
"114","8",10,107,137,0,NA,NA,0
"115","8",11,258,120,121,NA,NA,NA
"119","8",16,39,120,0,0.17949,NA,0
"120","8",17,236,32,263,NA,NA,NA
"124","9",4,187,42,73,NA,0.11628,NA
"127","9",7,103,70,156,0.15534,NA,NA
"129","9",9,204,44,103,NA,NA,NA
"133","9",14,80,65,0,NA,NA,0
"135","9",16,106,54,63,NA,NA,NA
"137","9",18,210,57,0,NA,NA,0
"138","10",1,112,1,139,NA,0,NA
"143","10",7,227,38,0,NA,NA,0
"145","10",10,189,289,0,NA,NA,0
"149","10",14,208,235,74,0.21154,NA,NA
"150","10",16,87,8,0,0.17241,NA,0
"151","10",17,36,30,28,NA,NA,NA
"154","11",2,152,18,0,NA,NA,0
"155","11",3,138,1,151,NA,0,NA
"157","11",5,181,136,0,NA,NA,0
"160","11",12,177,77,98,NA,NA,NA
"163","11",15,175,188,0,NA,NA,0
"166","11",18,49,7,0,NA,NA,0
"184","13",3,216,162,0,NA,NA,0
"186","13",5,72,223,0,NA,NA,0
"188","13",7,228,164,116,NA,NA,NA
"192","13",12,64,16,99,NA,NA,NA
"195","13",16,186,88,0,NA,NA,0
"196","13",17,117,106,0,NA,NA,0
"197","13",18,69,46,0,NA,NA,0
"198","14",1,224,114,122,NA,NA,NA
"203","14",8,97,84,50,0.17526,NA,NA
"204","14",9,229,47,1,NA,0.083333,0
"205","14",10,191,126,0,NA,NA,0
"207","14",12,145,119,61,NA,NA,NA
"208","14",13,79,1,37,NA,0,NA
"215","15",3,339,10,68,NA,0.090909,NA
"218","15",6,303,134,59,NA,NA,NA
"219","15",7,199,3,0,0.20101,0.25,0
"222","15",10,79,3,152,0.17722,0.25,NA
"233","16",5,210,56,47,NA,0.19298,0.14583
"235","16",7,124,257,213,NA,NA,NA
"241","16",15,299,92,0,NA,NA,0
"242","16",16,131,226,0,NA,NA,0
"243","16",17,129,41,0,NA,NA,0
"246","17",3,113,132,0,NA,NA,0
"248","17",5,169,14,140,0.17751,NA,NA
"252","17",9,292,81,65,0.19863,NA,0.16667
"254","17",11,336,300,0,NA,NA,0
"259","17",17,206,4,12,NA,NA,NA
"281","19",6,189,169,0,NA,NA,0
"283","19",8,300,150,0,NA,NA,0
"286","19",13,99,3,0,0.19192,0.25,0
"287","19",14,266,16,1,NA,0.23529,0
"293","20",4,320,29,0,NA,0.13333,0
"296","20",7,120,224,0,0.175,NA,0
"299","20",10,71,1,0,NA,0,0
"309","21",8,99,102,0,NA,0.20388,0
"311","21",10,164,64,61,NA,NA,NA
"315","21",16,97,105,0,NA,NA,0
"316","21",17,85,59,36,NA,0.28333,NA
"317","21",18,230,68,152,NA,NA,NA
"318","22",1,186,93,0,NA,NA,0
"321","22",4,298,122,0,NA,NA,0
"323","22",6,43,4,38,NA,NA,NA
"326","22",10,224,41,20,NA,NA,0.095238
"328","22",12,123,8,0,NA,NA,0
"332","22",18,122,111,0,NA,NA,0
"334","23",2,172,1,232,NA,0,NA
"336","23",4,37,103,23,0.16216,NA,NA
"337","23",5,114,279,89,NA,NA,NA
"343","23",13,93,50,45,NA,NA,NA
"345","23",15,76,162,0,NA,NA,0
"346","23",16,106,42,0,NA,NA,0
"349","24",1,265,151,0,NA,NA,0
"350","24",2,219,16,255,NA,NA,NA
"351","24",3,167,1,0,NA,0,0
"352","24",4,299,661,0,NA,NA,0
"353","24",5,190,39,326,NA,0.175,NA
"354","24",7,12,389,0,0.16667,NA,0
"355","24",8,47,71,67,NA,0.13889,NA
"356","24",9,257,63,74,NA,NA,NA
"357","24",10,138,462,63,NA,NA,NA
"358","24",12,100,64,56,NA,0.12308,NA
"359","24",13,322,61,36,NA,NA,0.081081
"360","24",14,12,1,297,0.083333,0,NA
"361","24",15,95,17,177,0.21053,NA,NA
"364","24",18,244,320,11,NA,NA,0.083333
"365","25",1,7,217,0,NA,NA,0
"367","25",3,155,164,30,NA,NA,NA
"369","25",5,240,30,0,NA,NA,0
"371","25",7,157,1,0,NA,0,0
"374","25",10,141,4,1,NA,NA,0
"375","25",11,225,108,0,NA,NA,0
"376","25",13,181,1,0,NA,0,0
"379","25",16,215,45,0,NA,NA,0
"381","25",18,47,175,64,NA,NA,NA
"382","26",1,125,97,2,0.216,NA,0.33333
"383","26",2,41,304,31,0.097561,NA,NA
"385","26",5,144,97,94,0.18056,NA,NA
"389","26",10,125,1,0,NA,0,0
"393","26",14,111,207,141,NA,NA,NA
"394","26",15,67,229,117,NA,NA,NA
"396","26",17,182,55,43,NA,NA,NA
"397","26",18,213,147,0,NA,NA,0
"400","27",4,200,64,15,NA,NA,NA
"402","27",6,141,63,0,NA,NA,0
"409","27",13,259,5,0,NA,NA,0
"410","27",14,89,45,0,NA,NA,0
"415","28",1,140,22,69,NA,NA,NA
"417","28",5,218,58,0,NA,NA,0
"420","28",8,237,66,0,NA,NA,0
"422","28",11,216,18,295,NA,0.052632,NA
"428","28",18,27,172,0,0.18519,NA,0
"446","30",2,51,185,118,0.17647,NA,0.15126
"447","30",3,200,134,0,NA,NA,0
"448","30",4,132,3,85,NA,0.25,NA
"449","30",5,163,1,0,NA,0,0
"454","30",11,187,86,57,NA,NA,NA
"455","30",12,220,372,0,NA,NA,0
"457","30",14,276,142,215,NA,NA,NA
"458","30",15,160,116,0,NA,NA,0
"460","30",17,222,89,5,NA,NA,NA
"461","30",18,158,80,173,NA,NA,NA
"462","31",1,148,181,0,NA,NA,0
"465","31",5,241,65,233,NA,0.12121,NA
"467","31",7,117,138,25,NA,NA,NA
"468","31",8,150,26,257,NA,NA,NA
"470","31",10,106,78,1,0.19811,NA,0
"471","31",12,67,99,72,0.14925,NA,NA
"472","31",13,199,69,147,NA,NA,NA
"473","31",14,229,94,158,NA,NA,NA
"477","31",18,120,7,0,NA,0.125,0
"483","32",6,266,94,0,0.18421,NA,0
"485","32",8,210,217,62,NA,NA,NA
"486","32",9,265,91,8,0.2,NA,0.22222
"487","32",10,81,148,4,0.17284,NA,NA
"489","32",12,503,22,7,NA,0.21739,NA
"490","32",13,283,42,127,NA,NA,NA
"492","32",15,78,147,0,0.15385,NA,0
"495","32",18,198,99,70,NA,NA,NA
"496","33",1,58,98,1,0.17241,NA,0
"498","33",3,239,107,0,NA,0.17593,0
"499","33",4,75,25,0,NA,NA,0
"500","33",5,12,142,7,0.083333,NA,0.25
"501","33",8,348,123,12,NA,NA,0.23077
"502","33",9,212,51,9,NA,NA,NA
"503","33",10,185,121,0,0.23784,NA,0
"505","33",13,10,1,33,0.1,0,0.17647
"506","33",14,211,158,0,0.19431,NA,0
"509","33",17,213,346,0,NA,NA,0
"515","34",8,39,1,0,0.12821,0,0
"516","34",9,170,176,0,NA,NA,0
"518","34",11,252,127,0,NA,NA,0
"520","34",14,49,10,1,NA,NA,0
"521","34",15,278,11,0,NA,NA,0
"522","34",18,68,83,0,0.19118,NA,0
"525","35",3,170,371,313,NA,NA,NA
"527","35",5,286,222,29,0.2028,NA,NA
"529","35",7,177,83,240,NA,NA,NA
"531","35",9,150,324,4,NA,NA,0.2
"532","35",10,241,15,81,NA,0.25,NA
"543","36",3,195,150,0,NA,NA,0
"546","36",6,218,110,23,0.18807,NA,NA
"547","36",7,198,41,4,NA,NA,NA
"550","36",10,153,16,27,NA,0.17647,NA
"551","36",11,318,31,0,NA,NA,0
"554","36",14,191,119,0,NA,NA,0
"555","36",15,55,328,23,0.10909,NA,NA
"559","37",1,49,106,0,0.16327,0.13084,0
"562","37",4,295,1,0,NA,0,0
"564","37",6,231,19,43,NA,0.1,NA
"566","37",8,30,365,125,0.2,NA,NA
"567","37",9,203,35,0,NA,NA,0
"569","37",11,374,50,1,0.15241,NA,0
"570","37",12,267,8,0,NA,0.22222,0
"571","37",13,264,32,1,0.15152,NA,0
"572","37",14,306,37,1,NA,NA,0
"575","37",18,80,14,1,0.15,0.13333,0
"577","38",3,54,7,192,NA,NA,NA
"584","38",13,211,25,0,NA,0.15385,0
"587","38",16,200,123,86,NA,NA,0.12644
"588","38",17,305,199,0,NA,NA,0
"589","38",18,226,50,0,NA,0.15686,0
"591","39",4,254,1,24,NA,0,0.08
"592","39",6,46,291,458,0.15217,NA,NA
"593","39",7,248,502,0,NA,NA,0
"600","39",16,260,124,30,NA,NA,NA
"601","39",17,232,30,0,NA,NA,0
"604","40",3,228,277,0,NA,NA,0
"608","40",8,170,75,1,0.18824,NA,0
"609","40",9,389,71,0,NA,NA,0
"612","40",13,180,1,0,NA,0,0
"613","40",14,134,9,7,0.15672,NA,NA
"616","40",17,138,4,0,NA,NA,0
"617","40",18,146,92,0,NA,NA,0
"618","41",2,339,1,43,NA,0,NA
"625","41",10,236,1,0,NA,0,0
"629","41",15,248,68,92,NA,NA,NA
"630","41",16,110,3,0,NA,0.25,0
"631","41",17,31,96,296,0.19355,NA,NA
"635","42",3,291,48,39,NA,NA,0.075
"639","42",7,196,54,28,NA,NA,NA
"640","42",8,140,279,9,NA,NA,0.1
"646","42",14,217,174,0,NA,NA,0
"648","42",16,140,123,0,NA,0.1371,0
"649","42",17,172,105,0,NA,0.12264,0
"651","43",1,321,232,36,NA,NA,0.18919
"653","43",3,337,35,2,NA,NA,0.33333
"655","43",5,297,286,51,NA,NA,0.19231
"660","43",12,149,86,0,NA,NA,0
"665","44",3,116,1,1,NA,0,0
"666","44",4,44,232,14,NA,NA,NA
"667","44",5,350,24,264,NA,0.16,NA
"668","44",7,462,32,0,NA,0.18182,0
"671","44",11,332,1,0,NA,0,0
"674","44",14,399,102,0,0.13784,NA,0
"675","44",15,259,18,35,NA,0.15789,NA
"680","45",5,8,1,30,NA,0,NA
"682","45",8,41,185,0,0.17073,NA,0
"683","45",9,36,287,0,NA,NA,0
"684","45",11,527,23,157,NA,0.20833,NA
"685","45",12,427,25,86,NA,NA,0.17241
"686","45",13,98,2,354,NA,0.33333,NA
"687","45",14,85,306,0,0.17647,NA,0
"689","45",17,384,58,266,NA,0.18644,NA
"691","46",1,314,3,1,NA,0.25,0
"699","46",14,407,25,0,NA,0.076923,0
"701","46",16,151,338,22,NA,NA,0.086957
"703","46",18,227,242,342,NA,NA,NA
"706","47",3,76,45,262,0.17105,NA,NA
"708","47",6,247,27,0,NA,0.17857,0
"709","47",7,234,40,0,NA,NA,0
"717","47",16,247,59,0,NA,NA,0
"720","48",1,243,20,171,NA,0.2381,NA
"722","48",3,229,66,43,NA,0.14925,0.13636
"723","48",4,59,87,191,0.16949,NA,NA
"725","48",6,360,118,87,0.15556,0.13445,NA
"726","48",7,76,452,27,0.17105,NA,NA
"727","48",8,195,53,0,NA,NA,0
"731","48",12,221,5,1,0.1629,0.16667,0
"732","48",13,68,58,0,NA,0.084746,0
"733","48",14,351,1,489,NA,0,NA
"735","48",16,222,24,0,NA,NA,0
"736","48",17,145,5,19,0.13793,NA,0.2
"738","49",1,177,184,0,NA,NA,0
"739","49",2,28,54,20,NA,0.10909,0.19048
"741","49",4,331,214,19,NA,0.16744,NA
"743","49",6,342,27,0,NA,NA,0
"744","49",8,304,69,91,NA,0.18571,NA
"745","49",9,343,146,0,NA,0.15646,0
"747","49",14,43,189,0,0.16279,0.15263,0
"750","49",17,62,29,162,0.17742,0.16667,NA
"751","49",18,203,20,1,NA,0.095238,0
"752","50",1,577,445,0,NA,NA,0
"753","50",2,246,10,0,NA,NA,0
"755","50",4,266,141,7,0.16165,NA,0.125
"756","50",5,223,18,0,0.15695,0.15789,0
"757","50",6,231,38,208,NA,0.15385,NA
"759","50",8,259,158,26,NA,NA,NA
"763","50",15,267,62,0,NA,NA,0
"764","50",17,77,131,6,NA,NA,NA
"766","51",1,29,157,1,0.2069,NA,0
"767","51",2,58,212,0,NA,NA,0
"770","51",5,75,199,22,NA,NA,NA
"772","51",7,80,82,0,NA,NA,0
"773","51",8,34,1,0,NA,0,0
"774","51",9,22,55,0,NA,NA,0
"775","51",11,63,365,47,NA,NA,NA
"779","51",15,179,32,30,NA,NA,NA
"781","51",18,264,257,0,NA,NA,0
"782","52",1,42,159,0,NA,NA,0
"784","52",4,485,123,50,NA,NA,NA
"786","52",6,241,80,26,NA,NA,NA
"789","52",11,291,138,247,NA,NA,NA
"790","52",12,50,400,1,NA,NA,0
"793","52",15,88,11,190,NA,NA,NA
"797","53",1,31,174,53,NA,NA,NA
"798","53",2,240,9,171,NA,0.2,0.15698
"799","53",3,311,213,1,NA,NA,0
"800","53",4,80,122,0,NA,NA,0
"802","53",6,85,113,33,0.16471,NA,NA
"803","53",7,328,17,0,NA,0.22222,0
"807","53",12,92,58,63,NA,NA,0.15625
"812","53",17,62,1,107,NA,0,NA
"817","54",4,167,2,0,NA,0.33333,0
"822","54",9,179,7,0,NA,NA,0
"823","54",11,310,41,1,NA,NA,0
"824","54",12,122,109,1,NA,NA,0
"826","54",14,252,21,154,NA,0.18182,NA
"827","54",15,221,144,14,NA,NA,0.13333
"829","54",17,117,1,0,NA,0,0
"830","54",18,109,91,35,NA,NA,NA
"833","55",4,129,69,207,NA,NA,NA
"836","55",7,275,20,66,NA,0.095238,NA
"839","55",10,34,80,38,NA,NA,NA
"841","55",12,12,313,1,0.16667,NA,0
"844","55",15,225,109,201,NA,0.12727,NA
"845","55",16,52,76,0,NA,NA,0
"846","55",17,200,65,3,NA,NA,0.25
"847","55",18,42,52,172,NA,NA,NA
"848","56",2,91,347,17,NA,NA,0.16667
"852","56",9,410,94,312,NA,NA,NA
"853","56",10,10,41,0,NA,0.16667,0
"854","56",12,178,562,94,NA,NA,NA
"859","56",17,254,30,7,NA,NA,0.125
"862","57",2,299,31,0,NA,0.15625,0
"863","57",3,368,112,0,NA,NA,0
"866","57",7,257,262,32,NA,NA,0.12121
"870","57",14,276,80,0,NA,0.17284,0
"872","57",16,69,41,0,NA,NA,0
"873","57",17,117,192,336,NA,NA,NA
"874","57",18,288,107,4,NA,NA,0.2
"876","58",2,185,246,102,NA,NA,NA
"877","58",3,222,759,1,NA,NA,0
"879","58",7,255,96,1,NA,NA,0
"880","58",8,225,486,0,NA,NA,0
"881","58",9,352,14,1,NA,NA,0
"882","58",11,180,15,304,NA,NA,NA
"883","58",12,388,112,20,NA,NA,NA
"884","58",15,36,365,93,NA,NA,NA
"885","58",17,67,205,139,NA,NA,NA
"889","59",3,165,777,0,0.17576,NA,0
"893","59",7,185,65,25,0.17297,NA,NA
"894","59",8,22,235,21,0.18182,NA,0.045455
"895","59",9,154,4,59,0.15584,0.4,NA
"898","59",12,195,28,16,0.1641,NA,0.11765
"900","59",14,150,111,0,0.16667,NA,0
"906","60",3,23,1,41,NA,0,NA
"907","60",6,92,137,0,NA,NA,0
"913","60",13,110,65,27,NA,NA,0.14286
"914","60",14,235,1,219,NA,0,NA
"917","60",17,307,59,0,NA,NA,0
"918","60",18,21,1,25,NA,0,0.19231
"921","61",3,23,1,41,NA,0,NA
"922","61",6,92,137,0,NA,NA,0
"928","61",13,110,65,27,NA,NA,0.14286
"929","61",14,235,1,219,NA,0,NA
"932","61",17,307,59,0,NA,NA,0
"933","61",18,21,1,25,NA,0,0.19231
"939","62",10,258,11,184,NA,0.083333,0.15676
"942","62",15,49,290,61,NA,NA,NA
"943","62",16,337,19,0,NA,NA,0
"949","63",5,124,210,128,NA,NA,NA
"951","63",7,157,381,87,NA,NA,NA
"953","63",9,147,1,1,NA,0,0
"959","63",15,141,98,0,NA,NA,0
"960","63",16,138,252,0,NA,NA,0
"963","64",1,402,63,0,NA,NA,0
"964","64",4,232,82,11,NA,NA,NA
"966","64",6,31,142,0,NA,NA,0
"967","64",7,117,10,0,NA,NA,0
"969","64",11,298,172,6,NA,NA,NA
"971","64",14,32,93,153,NA,NA,NA
"975","64",18,35,153,0,NA,NA,0
"976","65",1,20,13,62,NA,0.14286,NA
"977","65",2,109,47,82,NA,NA,NA
"978","65",3,172,104,0,NA,NA,0
"979","65",4,190,46,139,NA,NA,NA
"980","65",5,61,309,43,0.16393,NA,NA
"981","65",7,142,222,1,NA,NA,0
"983","65",9,180,170,97,NA,NA,NA
"984","65",10,126,206,49,NA,NA,NA
"985","65",11,123,115,0,NA,NA,0
"986","65",12,34,12,129,NA,NA,NA
"987","65",13,251,9,61,NA,0.2,NA
"988","65",14,190,91,0,NA,NA,0
"989","65",15,202,1,150,NA,0,NA
"991","65",17,179,55,1,NA,0.19643,0
"993","66",1,325,27,0,NA,NA,0
"995","66",3,109,115,0,NA,NA,0
"1001","66",10,41,107,0,NA,NA,0
"1003","66",12,123,37,44,NA,NA,0.15556
"1004","66",13,38,59,186,NA,NA,NA
"1007","66",16,204,99,56,NA,NA,0.17544
"1008","66",17,160,48,265,0.1625,0.18367,NA
"1012","67",3,196,136,0,NA,NA,0
"1013","67",4,65,1,0,NA,0,0
"1014","67",5,33,66,162,NA,NA,NA
"1015","67",6,234,44,0,NA,NA,0
"1019","67",10,22,157,94,0.27273,NA,NA
"1026","67",17,250,378,20,NA,NA,NA
"1029","68",2,158,127,523,NA,0.11719,NA
"1031","68",4,417,11,0,NA,NA,0
"1032","68",7,273,73,0,NA,NA,0
"1035","68",10,150,10,1,NA,0.090909,0
"1037","68",14,194,35,306,NA,0.16667,0.15961
"1038","68",15,221,148,1,0.14027,NA,0
"1039","68",16,293,183,377,NA,NA,NA
"1041","69",1,194,65,0,NA,NA,0
"1042","69",2,67,21,152,NA,NA,NA
"1050","69",14,569,83,19,NA,NA,NA
"1055","70",2,108,159,120,NA,NA,NA
"1057","70",4,281,13,0,0.16014,NA,0
"1058","70",5,258,224,18,NA,NA,NA
"1061","70",8,288,40,1,NA,NA,0
"1064","70",12,34,1,0,NA,0,0
"1065","70",13,212,189,34,NA,0.16316,0.14286
"1066","70",14,45,32,272,NA,0.090909,NA
"1070","71",1,257,46,470,NA,0.17021,NA
"1072","71",4,284,11,65,NA,NA,0.16667
"1074","71",6,106,29,166,0.16981,0.2,0.19162
"1077","71",9,202,183,0,NA,NA,0
"1078","71",10,97,145,1,NA,NA,0
"1079","71",13,213,127,84,NA,NA,NA
"1080","71",14,214,13,34,NA,0.071429,NA
"1082","71",16,446,5,10,NA,0.16667,0.18182
"1084","72",2,163,25,1,NA,NA,0
"1087","72",5,205,1,29,NA,0,NA
"1088","72",6,283,13,43,NA,NA,NA
"1089","72",7,228,141,82,NA,NA,NA
"1090","72",8,261,49,0,NA,NA,0
"1092","72",12,134,243,0,NA,NA,0
"1093","72",13,387,141,42,NA,NA,NA
"1094","72",14,279,7,822,NA,0.25,NA
"1096","72",17,170,95,0,NA,NA,0
"1101","73",6,234,41,0,NA,NA,0
"1103","73",10,242,19,0,NA,NA,0
"1106","73",15,212,52,42,0.14623,NA,NA
"1112","74",4,165,6,801,NA,NA,NA
"1113","74",5,191,12,0,NA,0.076923,0
"1114","74",7,442,45,0,NA,NA,0
"1117","74",11,259,40,0,NA,NA,0
"1120","74",15,88,14,0,0.13636,NA,0
"1122","74",17,245,76,0,NA,NA,0
"1125","75",2,206,143,32,NA,0.14583,NA
"1126","75",4,120,203,388,NA,NA,NA
"1127","75",5,82,3,0,NA,0.25,0
"1129","75",7,312,46,1,NA,0.10638,0
"1130","75",8,27,339,0,0.18519,NA,0
"1133","75",13,34,187,51,NA,NA,NA
"1136","75",17,45,273,186,0.17778,NA,NA
"1137","75",18,235,172,169,NA,NA,NA
"1138","76",2,149,108,0,NA,NA,0
"1139","76",3,16,140,0,0.1875,NA,0
"1140","76",4,168,195,124,NA,NA,NA
"1141","76",5,180,182,43,NA,NA,NA
"1142","76",6,51,103,64,0.15686,NA,NA
"1143","76",7,144,421,59,NA,NA,NA
"1144","76",8,299,174,0,0.16054,NA,0
"1147","76",11,276,28,341,NA,NA,NA
"1148","76",12,32,165,0,0.1875,NA,0
"1149","76",13,214,375,0,NA,NA,0
"1153","76",17,327,34,0,NA,NA,0
"1154","76",18,203,70,1,NA,NA,0
"1155","77",1,71,188,10,0.14085,NA,NA
"1160","77",6,111,47,0,NA,0.10417,0
"1163","77",9,283,56,708,NA,NA,NA
"1168","77",16,200,81,149,NA,0.17073,NA
"1170","77",18,412,33,1,NA,0.20588,0
"1171","78",1,222,17,0,0.15315,NA,0
"1178","78",10,152,45,34,NA,NA,NA
"1181","78",13,31,94,0,0.22581,NA,0
"1190","79",6,205,110,0,NA,NA,0
"1191","79",7,250,10,0,0.164,0.27273,0
"1194","79",10,226,101,19,NA,NA,NA
"1195","79",11,48,197,23,0.16667,NA,0.16667
"1197","79",14,143,31,0,NA,NA,0
"1202","80",1,44,201,0,NA,NA,0
"1204","80",3,84,96,299,NA,NA,NA
"1205","80",4,435,407,0,NA,NA,0
"1206","80",5,255,12,130,NA,NA,NA
"1207","80",6,198,29,0,NA,NA,0
"1210","80",9,162,54,148,NA,NA,NA
"1211","80",10,109,515,0,NA,NA,0
"1212","80",11,94,272,13,NA,NA,NA
"1215","80",14,72,218,0,NA,NA,0
"1217","80",16,37,67,0,NA,NA,0
"1218","80",17,184,24,23,NA,NA,NA
