task,baseline_model,ara_model,block,start,end,events,baseline_loss_bits,ara_loss_bits,delta_bits
candidate,candidate_pnt29,ara_i3_b12_l64,0,100000000,100250000,39495,0.9298178144553447,0.9300479184633428,-0.00023010400799807555
candidate,candidate_pnt29,ara_i3_b12_l64,1,100250000,100500000,39476,0.9263785080979449,0.92663486157959,-0.00025635348164519727
candidate,candidate_pnt29,ara_i3_b12_l64,2,100500000,100750000,39495,0.9267445509244101,0.9268775163690561,-0.0001329654446460788
candidate,candidate_pnt29,ara_i3_b12_l64,3,100750000,101000000,39483,0.9284504414146552,0.9285875095723707,-0.00013706815771546407
candidate,candidate_pnt29,ara_i3_b12_l64,4,101000000,101250000,39485,0.9292386634561417,0.9294424957340456,-0.00020383227790386524
candidate,candidate_pnt29,ara_i3_b12_l64,5,101250000,101500000,39489,0.9291355035905945,0.9294152497817837,-0.0002797461911891718
candidate,candidate_pnt29,ara_i3_b12_l64,6,101500000,101750000,39486,0.9262000064588546,0.9265689770512069,-0.00036897059235224623
candidate,candidate_pnt29,ara_i3_b12_l64,7,101750000,102000000,39492,0.9293486064325108,0.9295896204568567,-0.00024101402434576887
candidate,candidate_pnt29,ara_i3_b12_l64,8,102000000,102250000,39481,0.9292729405813992,0.9294398729259095,-0.0001669323445103026
candidate,candidate_pnt29,ara_i3_b12_l64,9,102250000,102500000,39490,0.9299344874705647,0.9301233955633784,-0.0001889080928136789
candidate,candidate_pnt29,ara_i3_b12_l64,10,102500000,102750000,39482,0.927249899677316,0.927196893916502,5.300576081398086e-05
candidate,candidate_pnt29,ara_i3_b12_l64,11,102750000,103000000,39493,0.9272314100651987,0.9273252754618307,-9.386539663197781e-05
candidate,candidate_pnt29,ara_i3_b12_l64,12,103000000,103250000,39483,0.9265768071583326,0.9266498821150555,-7.307495672290553e-05
candidate,candidate_pnt29,ara_i3_b12_l64,13,103250000,103500000,39491,0.9297865485519401,0.9298133630376121,-2.681448567199593e-05
candidate,candidate_pnt29,ara_i3_b12_l64,14,103500000,103750000,39484,0.9262834050148969,0.9263110433776559,-2.7638362759005955e-05
candidate,candidate_pnt29,ara_i3_b12_l64,15,103750000,104000000,39490,0.9287040496438629,0.9290185996664468,-0.00031455002258398116
candidate,candidate_pnt29,ara_i3_b12_l64,16,104000000,104250000,39486,0.9304710829809907,0.9306301368552389,-0.0001590538742481806
candidate,candidate_pnt29,ara_i3_b12_l64,17,104250000,104500000,39486,0.9271688151933518,0.927440794556673,-0.00027197936332127583
candidate,candidate_pnt29,ara_i3_b12_l64,18,104500000,104750000,39486,0.9263842144882065,0.9265092863944817,-0.00012507190627517135
candidate,candidate_pnt29,ara_i3_b12_l64,19,104750000,105000000,39489,0.9273581338014746,0.9274895292938541,-0.0001313954923795594
candidate,candidate_pnt29,ara_i3_b12_l64,20,105000000,105250000,39483,0.9280254481137604,0.9282200832096131,-0.00019463509585265735
candidate,candidate_pnt29,ara_i3_b12_l64,21,105250000,105500000,39492,0.9268341019917951,0.9270330612009539,-0.00019895920915880648
candidate,candidate_pnt29,ara_i3_b12_l64,22,105500000,105750000,39480,0.9265271011411024,0.9267725344874413,-0.0002454333463389664
candidate,candidate_pnt29,ara_i3_b12_l64,23,105750000,106000000,39491,0.9267703932691943,0.9269385643355115,-0.0001681710663170954
candidate,candidate_pnt29,ara_i3_b12_l64,24,106000000,106250000,39485,0.9267000947853655,0.9269864064270567,-0.0002863116416911828
candidate,candidate_pnt29,ara_i3_b12_l64,25,106250000,106500000,39490,0.9271355685977005,0.92736887290781,-0.0002333043101094876
candidate,candidate_pnt29,ara_i3_b12_l64,26,106500000,106750000,39486,0.9276445701912923,0.9279811961647334,-0.00033662597344112107
candidate,candidate_pnt29,ara_i3_b12_l64,27,106750000,107000000,39487,0.9264212842244888,0.9264322338001735,-1.0949575684650002e-05
candidate,candidate_pnt29,ara_i3_b12_l64,28,107000000,107250000,39487,0.9294488597076733,0.9296281268501648,-0.000179267142491499
candidate,candidate_pnt29,ara_i3_b12_l64,29,107250000,107500000,39489,0.927429859388669,0.9275465744353161,-0.00011671504664706404
candidate,candidate_pnt29,ara_i3_b12_l64,30,107500000,107750000,39485,0.9284171499446114,0.9285072956394129,-9.01456948015159e-05
candidate,candidate_pnt29,ara_i3_b12_l64,31,107750000,108000000,39486,0.9243763933036642,0.9245892351072326,-0.0002128418035683515
candidate,candidate_pnt29,ara_i3_b12_l64,32,108000000,108250000,39492,0.9275728608854938,0.9277671612070736,-0.00019430032157969447
candidate,candidate_pnt29,ara_i3_b12_l64,33,108250000,108500000,39484,0.9304558388149888,0.9305648077082899,-0.0001089688933009977
candidate,candidate_pnt29,ara_i3_b12_l64,34,108500000,108750000,39486,0.9271206001921176,0.9273046565666813,-0.00018405637456361273
candidate,candidate_pnt29,ara_i3_b12_l64,35,108750000,109000000,39487,0.9264198050315945,0.9264983247421288,-7.851971053429862e-05
candidate,candidate_pnt29,ara_i3_b12_l64,36,109000000,109250000,39484,0.9276632132305154,0.927742940621883,-7.97273913676754e-05
candidate,candidate_pnt29,ara_i3_b12_l64,37,109250000,109500000,39488,0.9268896802921571,0.9270243455707128,-0.00013466527855567588
candidate,candidate_pnt29,ara_i3_b12_l64,38,109500000,109750000,39477,0.9265011543499018,0.9265545716946401,-5.3417344738240755e-05
candidate,candidate_pnt29,ara_i3_b12_l64,39,109750000,110000000,39498,0.9285292088818267,0.9284847747353839,4.443414644282397e-05
edge,edge_hl29,ara_edge_b12_l64,0,100000000,100250000,39495,0.526950809789073,0.5269595033594474,-8.693570374392365e-06
edge,edge_hl29,ara_edge_b12_l64,1,100250000,100500000,39476,0.514204683319724,0.5142388470096448,-3.416368992087532e-05
edge,edge_hl29,ara_edge_b12_l64,2,100500000,100750000,39495,0.5206084558940174,0.5206725679844986,-6.41120904811798e-05
edge,edge_hl29,ara_edge_b12_l64,3,100750000,101000000,39483,0.5229259462376665,0.522961755155597,-3.5808917930380354e-05
edge,edge_hl29,ara_edge_b12_l64,4,101000000,101250000,39485,0.5205464472543794,0.5205247230926892,2.1724161690253635e-05
edge,edge_hl29,ara_edge_b12_l64,5,101250000,101500000,39489,0.5253102917104586,0.5253334019651473,-2.3110254688681305e-05
edge,edge_hl29,ara_edge_b12_l64,6,101500000,101750000,39486,0.5174371679442953,0.5174750668819883,-3.7898937692951025e-05
edge,edge_hl29,ara_edge_b12_l64,7,101750000,102000000,39492,0.5251375863292117,0.5252120459817318,-7.445965252015881e-05
edge,edge_hl29,ara_edge_b12_l64,8,102000000,102250000,39481,0.5144508023497371,0.5145222322496065,-7.142989986938805e-05
edge,edge_hl29,ara_edge_b12_l64,9,102250000,102500000,39490,0.5239005915915027,0.5239438074043858,-4.3215812883045996e-05
edge,edge_hl29,ara_edge_b12_l64,10,102500000,102750000,39482,0.5200553733180926,0.519962448742971,9.29245751215947e-05
edge,edge_hl29,ara_edge_b12_l64,11,102750000,103000000,39493,0.5261656990371736,0.5262183489118339,-5.264987466045547e-05
edge,edge_hl29,ara_edge_b12_l64,12,103000000,103250000,39483,0.5178296315145726,0.5177851174578114,4.451405676125856e-05
edge,edge_hl29,ara_edge_b12_l64,13,103250000,103500000,39491,0.523524709398304,0.5236434830305032,-0.00011877363219921793
edge,edge_hl29,ara_edge_b12_l64,14,103500000,103750000,39484,0.5216643858484175,0.5215924346540093,7.1951194408125e-05
edge,edge_hl29,ara_edge_b12_l64,15,103750000,104000000,39490,0.5243478668906311,0.5244099874320918,-6.212054146068291e-05
edge,edge_hl29,ara_edge_b12_l64,16,104000000,104250000,39486,0.5301505486858272,0.5301625983035345,-1.204961770728504e-05
edge,edge_hl29,ara_edge_b12_l64,17,104250000,104500000,39486,0.5190594609820455,0.5192266964551091,-0.0001672354730636008
edge,edge_hl29,ara_edge_b12_l64,18,104500000,104750000,39486,0.5102577181273842,0.5102542630994186,3.4550279656094547e-06
edge,edge_hl29,ara_edge_b12_l64,19,104750000,105000000,39489,0.5236195797761959,0.5236383298990015,-1.8750122805659954e-05
edge,edge_hl29,ara_edge_b12_l64,20,105000000,105250000,39483,0.5242641058829892,0.524345378055496,-8.127217250677326e-05
edge,edge_hl29,ara_edge_b12_l64,21,105250000,105500000,39492,0.517453782265535,0.5174800505708603,-2.6268305325328625e-05
edge,edge_hl29,ara_edge_b12_l64,22,105500000,105750000,39480,0.515779883622727,0.5158181185447249,-3.823492199790919e-05
edge,edge_hl29,ara_edge_b12_l64,23,105750000,106000000,39491,0.5218280841837859,0.5218283980826026,-3.138988167408205e-07
edge,edge_hl29,ara_edge_b12_l64,24,106000000,106250000,39485,0.5244717274423116,0.52451727691228,-4.5549469968333286e-05
edge,edge_hl29,ara_edge_b12_l64,25,106250000,106500000,39490,0.5242804499586713,0.5243315785829913,-5.112862432000701e-05
edge,edge_hl29,ara_edge_b12_l64,26,106500000,106750000,39486,0.5243899493353397,0.5244202389808773,-3.0289645537583746e-05
edge,edge_hl29,ara_edge_b12_l64,27,106750000,107000000,39487,0.5153477507258319,0.5153646384781482,-1.688775231623029e-05
edge,edge_hl29,ara_edge_b12_l64,28,107000000,107250000,39487,0.5251239785806731,0.5251655886272634,-4.1610046590357314e-05
edge,edge_hl29,ara_edge_b12_l64,29,107250000,107500000,39489,0.521033276078525,0.5210713752005522,-3.8099122027301406e-05
edge,edge_hl29,ara_edge_b12_l64,30,107500000,107750000,39485,0.5146964093604284,0.5147785347450888,-8.212538466049045e-05
edge,edge_hl29,ara_edge_b12_l64,31,107750000,108000000,39486,0.5125383128501253,0.5126173577877693,-7.904493764401656e-05
edge,edge_hl29,ara_edge_b12_l64,32,108000000,108250000,39492,0.5203413310065204,0.5203189231598226,2.240784669772359e-05
edge,edge_hl29,ara_edge_b12_l64,33,108250000,108500000,39484,0.5305656418319885,0.5306420274430788,-7.638561109023753e-05
edge,edge_hl29,ara_edge_b12_l64,34,108500000,108750000,39486,0.5161680786471655,0.5162248678365708,-5.678918940536161e-05
edge,edge_hl29,ara_edge_b12_l64,35,108750000,109000000,39487,0.51890244968602,0.5189496821454205,-4.723245940053458e-05
edge,edge_hl29,ara_edge_b12_l64,36,109000000,109250000,39484,0.5218951073460347,0.5219599025041304,-6.479515809566879e-05
edge,edge_hl29,ara_edge_b12_l64,37,109250000,109500000,39488,0.521341532937636,0.5213869757719367,-4.544283430070468e-05
edge,edge_hl29,ara_edge_b12_l64,38,109500000,109750000,39477,0.515650673470055,0.5156873241276693,-3.6650657614225705e-05
edge,edge_hl29,ara_edge_b12_l64,39,109750000,110000000,39497,0.5212637117373735,0.5213070596536638,-4.3347916290316215e-05
