pair_id,q,d,duration,replicate,condition,true_center,mix_rms,advance_complement_rms
q19:d59:t288:r0,19,59,288,0,clean,1376,0.0,1.0251716946064207e-16
q19:d59:t288:r0,19,59,288,0,asymmetric,1376,0.05109523852085569,0.06309901608941491
q19:d59:t288:r1,19,59,288,1,clean,1395,0.0,1.889792847972844e-16
q19:d59:t288:r1,19,59,288,1,asymmetric,1395,0.05109523852085569,0.06364639700490679
q19:d59:t288:r2,19,59,288,2,clean,1414,0.0,7.006711583132643e-16
q19:d59:t288:r2,19,59,288,2,asymmetric,1414,0.05109523852085569,0.06079704395287057
q19:d59:t288:r3,19,59,288,3,clean,1433,0.0,0.0
q19:d59:t288:r3,19,59,288,3,asymmetric,1433,0.05109523852085569,0.06340426371960811
q19:d59:t288:r4,19,59,288,4,clean,1452,0.0,0.0
q19:d59:t288:r4,19,59,288,4,asymmetric,1452,0.05109523852085569,0.0631407294685627
q19:d59:t288:r5,19,59,288,5,clean,1471,0.0,2.4616383064142e-16
q19:d59:t288:r5,19,59,288,5,asymmetric,1471,0.05109523852085569,0.0602857429023897
q19:d59:t288:r6,19,59,288,6,clean,1490,0.0,1.0251716946064207e-16
q19:d59:t288:r6,19,59,288,6,asymmetric,1490,0.05109523852085569,0.062358292041815304
q19:d59:t288:r7,19,59,288,7,clean,1509,0.0,1.889792847972844e-16
q19:d59:t288:r7,19,59,288,7,asymmetric,1509,0.05109523852085569,0.06358160257747826
q19:d59:t480:r0,19,59,480,0,clean,1527,0.0,1.0925322294616962e-16
q19:d59:t480:r0,19,59,480,0,asymmetric,1527,0.051063103889792086,0.06265881784009603
q19:d59:t480:r1,19,59,480,1,clean,1546,0.0,1.8833663854638774e-16
q19:d59:t480:r1,19,59,480,1,asymmetric,1546,0.051063103889792086,0.061507424835827405
q19:d59:t480:r2,19,59,480,2,clean,1565,0.0,7.137147606439591e-16
q19:d59:t480:r2,19,59,480,2,asymmetric,1565,0.051063103889792086,0.06282671510609991
q19:d59:t480:r3,19,59,480,3,clean,1584,0.0,0.0
q19:d59:t480:r3,19,59,480,3,asymmetric,1584,0.051063103889792086,0.06223581964881105
q19:d59:t480:r4,19,59,480,4,clean,1603,0.0,0.0
q19:d59:t480:r4,19,59,480,4,asymmetric,1603,0.051063103889792086,0.061474361417995886
q19:d59:t480:r5,19,59,480,5,clean,1622,0.0,2.640268215269286e-16
q19:d59:t480:r5,19,59,480,5,asymmetric,1622,0.051063103889792086,0.06137333507092412
q19:d59:t480:r6,19,59,480,6,clean,1641,0.0,1.0925322294616962e-16
q19:d59:t480:r6,19,59,480,6,asymmetric,1641,0.051063103889792086,0.06246273907128716
q19:d59:t480:r7,19,59,480,7,clean,1660,0.0,1.8833663854638774e-16
q19:d59:t480:r7,19,59,480,7,asymmetric,1660,0.051063103889792086,0.06202562537293405
q19:d59:t672:r0,19,59,672,0,clean,1679,0.0,0.0
q19:d59:t672:r0,19,59,672,0,asymmetric,1679,0.051052021374811234,0.06228922309441133
q19:d59:t672:r1,19,59,672,1,clean,1698,0.0,1.8879143257909008e-16
q19:d59:t672:r1,19,59,672,1,asymmetric,1698,0.051052021374811234,0.06252109028312278
q19:d59:t672:r2,19,59,672,2,clean,1717,0.0,7.227732765880414e-16
q19:d59:t672:r2,19,59,672,2,asymmetric,1717,0.051052021374811234,0.06221588420090277
q19:d59:t672:r3,19,59,672,3,clean,1736,0.0,0.0
q19:d59:t672:r3,19,59,672,3,asymmetric,1736,0.051052021374811234,0.062058908557997235
q19:d59:t672:r4,19,59,672,4,clean,1755,0.0,0.0
q19:d59:t672:r4,19,59,672,4,asymmetric,1755,0.051052021374811234,0.06269085440488253
q19:d59:t672:r5,19,59,672,5,clean,1774,0.0,2.6551458467409593e-16
q19:d59:t672:r5,19,59,672,5,asymmetric,1774,0.051052021374811234,0.06233382318940241
q19:d59:t672:r6,19,59,672,6,clean,1792,0.0,0.0
q19:d59:t672:r6,19,59,672,6,asymmetric,1792,0.051052021374811234,0.062360666163804125
q19:d59:t672:r7,19,59,672,7,clean,1811,0.0,1.8879143257909008e-16
q19:d59:t672:r7,19,59,672,7,asymmetric,1811,0.051052021374811234,0.06180267113516388
q29:d61:t288:r0,29,61,288,0,clean,1830,0.0,0.0
q29:d61:t288:r0,29,61,288,0,asymmetric,1830,0.05109523852085569,0.06270840802016973
q29:d61:t288:r1,29,61,288,1,clean,1849,0.0,0.0
q29:d61:t288:r1,29,61,288,1,asymmetric,1849,0.05109523852085569,0.06195895549437168
q29:d61:t288:r2,29,61,288,2,clean,1868,0.0,0.0
q29:d61:t288:r2,29,61,288,2,asymmetric,1868,0.05109523852085569,0.06170858533904781
q29:d61:t288:r3,29,61,288,3,clean,1887,0.0,0.0
q29:d61:t288:r3,29,61,288,3,asymmetric,1887,0.05109523852085569,0.06119953685248402
q29:d61:t288:r4,29,61,288,4,clean,1906,0.0,2.7574722954347545e-16
q29:d61:t288:r4,29,61,288,4,asymmetric,1906,0.05109523852085569,0.061228003303370505
q29:d61:t288:r5,29,61,288,5,clean,1925,0.0,2.765747451629843e-16
q29:d61:t288:r5,29,61,288,5,asymmetric,1925,0.05109523852085569,0.060979340012072725
q29:d61:t288:r6,29,61,288,6,clean,1944,0.0,5.048161383375199e-16
q29:d61:t288:r6,29,61,288,6,asymmetric,1944,0.05109523852085569,0.06379397969760713
q29:d61:t288:r7,29,61,288,7,clean,1963,0.0,0.0
q29:d61:t288:r7,29,61,288,7,asymmetric,1963,0.05109523852085569,0.06291929036889785
q29:d61:t480:r0,29,61,480,0,clean,1982,0.0,1.0149860418358395e-17
q29:d61:t480:r0,29,61,480,0,asymmetric,1982,0.051063103889792086,0.062210319985877026
q29:d61:t480:r1,29,61,480,1,clean,2001,0.0,0.0
q29:d61:t480:r1,29,61,480,1,asymmetric,2001,0.051063103889792086,0.06193065942334539
q29:d61:t480:r2,29,61,480,2,clean,2020,0.0,0.0
q29:d61:t480:r2,29,61,480,2,asymmetric,2020,0.051063103889792086,0.06250863126411883
q29:d61:t480:r3,29,61,480,3,clean,2039,0.0,0.0
q29:d61:t480:r3,29,61,480,3,asymmetric,2039,0.051063103889792086,0.06218934484862142
q29:d61:t480:r4,29,61,480,4,clean,2057,0.0,2.636978250962222e-16
q29:d61:t480:r4,29,61,480,4,asymmetric,2057,0.051063103889792086,0.061721477381594406
q29:d61:t480:r5,29,61,480,5,clean,2076,0.0,3.027615433324124e-16
q29:d61:t480:r5,29,61,480,5,asymmetric,2076,0.051063103889792086,0.06225585532348127
q29:d61:t480:r6,29,61,480,6,clean,2095,0.0,4.408329996225057e-16
q29:d61:t480:r6,29,61,480,6,asymmetric,2095,0.051063103889792086,0.06226664913487017
q29:d61:t480:r7,29,61,480,7,clean,2114,0.0,8.276091172026508e-16
q29:d61:t480:r7,29,61,480,7,asymmetric,2114,0.051063103889792086,0.06212683378600387
q29:d61:t672:r0,29,61,672,0,clean,2133,0.0,0.0
q29:d61:t672:r0,29,61,672,0,asymmetric,2133,0.051052021374811234,0.06229291502352782
q29:d61:t672:r1,29,61,672,1,clean,2152,0.0,0.0
q29:d61:t672:r1,29,61,672,1,asymmetric,2152,0.051052021374811234,0.062243446802333735
q29:d61:t672:r2,29,61,672,2,clean,2171,0.0,0.0
q29:d61:t672:r2,29,61,672,2,asymmetric,2171,0.051052021374811234,0.06266455768245308
q29:d61:t672:r3,29,61,672,3,clean,2190,0.0,0.0
q29:d61:t672:r3,29,61,672,3,asymmetric,2190,0.051052021374811234,0.06225462037360349
q29:d61:t672:r4,29,61,672,4,clean,2209,0.0,2.5335511657491843e-16
q29:d61:t672:r4,29,61,672,4,asymmetric,2209,0.051052021374811234,0.06250403731826905
q29:d61:t672:r5,29,61,672,5,clean,2228,0.0,3.0334614119672536e-16
q29:d61:t672:r5,29,61,672,5,asymmetric,2228,0.051052021374811234,0.061790364039686775
q29:d61:t672:r6,29,61,672,6,clean,2247,0.0,4.773978887203091e-16
q29:d61:t672:r6,29,61,672,6,asymmetric,2247,0.051052021374811234,0.06227362856309453
q29:d61:t672:r7,29,61,672,7,clean,2266,0.0,1.2111345413959641e-15
q29:d61:t672:r7,29,61,672,7,asymmetric,2266,0.051052021374811234,0.06287488590805376
q31:d67:t288:r0,31,67,288,0,clean,2285,0.0,2.6417740401761294e-16
q31:d67:t288:r0,31,67,288,0,asymmetric,2285,0.05109523852085569,0.06063925843218831
q31:d67:t288:r1,31,67,288,1,clean,2304,0.0,0.0
q31:d67:t288:r1,31,67,288,1,asymmetric,2304,0.05109523852085569,0.06205065134336248
q31:d67:t288:r2,31,67,288,2,clean,2322,0.0,2.72133292328398e-16
q31:d67:t288:r2,31,67,288,2,asymmetric,2322,0.05109523852085569,0.0623954850917444
q31:d67:t288:r3,31,67,288,3,clean,2341,0.0,0.0
q31:d67:t288:r3,31,67,288,3,asymmetric,2341,0.05109523852085569,0.06351969574641224
q31:d67:t288:r4,31,67,288,4,clean,2360,0.0,0.0
q31:d67:t288:r4,31,67,288,4,asymmetric,2360,0.05109523852085569,0.0637321818809058
q31:d67:t288:r5,31,67,288,5,clean,2379,0.0,1.1365793400516262e-16
q31:d67:t288:r5,31,67,288,5,asymmetric,2379,0.05109523852085569,0.06358807795889651
q31:d67:t288:r6,31,67,288,6,clean,2398,0.0,1.1986376594722873e-16
q31:d67:t288:r6,31,67,288,6,asymmetric,2398,0.05109523852085569,0.061241702089545665
q31:d67:t288:r7,31,67,288,7,clean,2417,0.0,0.0
q31:d67:t288:r7,31,67,288,7,asymmetric,2417,0.05109523852085569,0.06297138624508013
q31:d67:t480:r0,31,67,480,0,clean,2436,0.0,2.7315205235018317e-16
q31:d67:t480:r0,31,67,480,0,asymmetric,2436,0.051063103889792086,0.062154946241855365
q31:d67:t480:r1,31,67,480,1,clean,2455,0.0,0.0
q31:d67:t480:r1,31,67,480,1,asymmetric,2455,0.051063103889792086,0.06275705694751683
q31:d67:t480:r2,31,67,480,2,clean,2474,0.0,2.6797891667828113e-16
q31:d67:t480:r2,31,67,480,2,asymmetric,2474,0.051063103889792086,0.061932010352454256
q31:d67:t480:r3,31,67,480,3,clean,2493,0.0,0.0
q31:d67:t480:r3,31,67,480,3,asymmetric,2493,0.051063103889792086,0.06259123211140255
q31:d67:t480:r4,31,67,480,4,clean,2512,0.0,0.0
q31:d67:t480:r4,31,67,480,4,asymmetric,2512,0.051063103889792086,0.06286257306131449
q31:d67:t480:r5,31,67,480,5,clean,2531,0.0,1.154958899390682e-16
q31:d67:t480:r5,31,67,480,5,asymmetric,2531,0.051063103889792086,0.06198637566587611
q31:d67:t480:r6,31,67,480,6,clean,2550,0.0,1.1933586897488752e-16
q31:d67:t480:r6,31,67,480,6,asymmetric,2550,0.051063103889792086,0.06207298235289231
q31:d67:t480:r7,31,67,480,7,clean,2569,0.0,0.0
q31:d67:t480:r7,31,67,480,7,asymmetric,2569,0.051063103889792086,0.0624908215055164
q31:d67:t672:r0,31,67,672,0,clean,2587,0.0,2.7048630108461335e-16
q31:d67:t672:r0,31,67,672,0,asymmetric,2587,0.051052021374811234,0.062003063409579395
q31:d67:t672:r1,31,67,672,1,clean,2606,0.0,0.0
q31:d67:t672:r1,31,67,672,1,asymmetric,2606,0.051052021374811234,0.062497161053022623
q31:d67:t672:r2,31,67,672,2,clean,2625,0.0,2.7237332291603816e-16
q31:d67:t672:r2,31,67,672,2,asymmetric,2625,0.051052021374811234,0.06184744140514369
q31:d67:t672:r3,31,67,672,3,clean,2644,0.0,0.0
q31:d67:t672:r3,31,67,672,3,asymmetric,2644,0.051052021374811234,0.06225571046820952
q31:d67:t672:r4,31,67,672,4,clean,2663,0.0,0.0
q31:d67:t672:r4,31,67,672,4,asymmetric,2663,0.051052021374811234,0.06210913647218515
q31:d67:t672:r5,31,67,672,5,clean,2682,0.0,1.1677759084956697e-16
q31:d67:t672:r5,31,67,672,5,asymmetric,2682,0.051052021374811234,0.0624739252579702
q31:d67:t672:r6,31,67,672,6,clean,2701,0.0,1.2006098382375087e-16
q31:d67:t672:r6,31,67,672,6,asymmetric,2701,0.051052021374811234,0.06206161196200425
q31:d67:t672:r7,31,67,672,7,clean,2720,0.0,0.0
q31:d67:t672:r7,31,67,672,7,asymmetric,2720,0.051052021374811234,0.06240195214549744
