delta_r,pair,method,transitions,delta_RMSE_ARA,next_position_RMSE_ARA,direction_agreement
0,1,primary,1736,0.0352175592493966,0.035079821909623624,0.9257012888551933
0,1,direction_blind,1736,0.13781805785230103,0.137802683730934,0.6322971948445792
0,1,wrong_lineage,1736,0.037073657483899215,0.03657914321544895,0.9158453373768006
0,2,primary,1736,0.03786575683633794,0.037317408533142846,0.9155354449472096
0,2,direction_blind,1736,0.13091069111989914,0.13090030017232793,0.6515837104072398
0,2,wrong_lineage,1736,0.04120951656564623,0.04049325746516098,0.9291101055806938
0,3,primary,1736,0.04195399577382558,0.040840003138715865,0.935251798561151
0,3,direction_blind,1736,0.13192416569435797,0.13191199795613665,0.660431654676259
0,3,wrong_lineage,1736,0.043114896114427405,0.041902105770992897,0.9273381294964029
0,4,primary,1736,0.0357790079159416,0.03570525905312828,0.9237160120845922
0,4,direction_blind,1736,0.14457453396751835,0.14457256843558838,0.6419939577039275
0,4,wrong_lineage,1736,0.03890210112105443,0.03854684368530078,0.9169184290030211
0,5,primary,1736,0.031787092047499264,0.03161100385965768,0.920933734939759
0,5,direction_blind,1736,0.13919283817197156,0.13918757617203165,0.6167168674698795
0,5,wrong_lineage,1736,0.03977538982535012,0.03848730309213369,0.9231927710843374
0,6,primary,1798,0.0475930820071821,0.04495803666696983,0.9416725228390724
0,6,direction_blind,1798,0.13343949991614318,0.13340681206594193,0.6458186929023191
0,6,wrong_lineage,1798,0.045167320862740355,0.044648211544966364,0.9290231904427266
0,7,primary,1736,0.037437997162879155,0.03648457997415744,0.9275471698113208
0,7,direction_blind,1736,0.14092337958016668,0.14085708953096823,0.6573584905660378
0,7,wrong_lineage,1736,0.03929528451513101,0.03903221291713248,0.9154716981132075
0,8,primary,1736,0.04038031160164642,0.03964585177895835,0.9199395770392749
0,8,direction_blind,1736,0.14423004504690937,0.1442237133873651,0.6404833836858006
0,8,wrong_lineage,1736,0.04181682255062312,0.041334837543732045,0.925226586102719
0,9,primary,1736,0.04420575346398318,0.04404381359509891,0.9373198847262247
0,9,direction_blind,1736,0.14056559013559952,0.14055948512978922,0.659221902017291
0,9,wrong_lineage,1736,0.044954195685912884,0.044115216613748634,0.9445244956772334
0,10,primary,1736,0.043183389798090104,0.04196175213592273,0.9383070301291249
0,10,direction_blind,1736,0.13887002391106043,0.13885399234824028,0.6578192252510761
0,10,wrong_lineage,1736,0.04258938633949092,0.040250957517032296,0.9225251076040172
0,11,primary,1736,0.03718522712127337,0.03609085125284216,0.9134036144578314
0,11,direction_blind,1736,0.14255371495668342,0.1425506489758449,0.6490963855421686
0,11,wrong_lineage,1736,0.043351661459387306,0.04275405134481173,0.9051204819277109
0,12,primary,1736,0.032604257139797296,0.03213847361425066,0.9155455904334828
0,12,direction_blind,1736,0.13045672167830769,0.13044810599232845,0.6136023916292974
0,12,wrong_lineage,1736,0.03708499913860583,0.03634126087337088,0.9207772795216741
0,13,primary,1736,0.044269816887600594,0.03956529398042269,0.9336661911554922
0,13,direction_blind,1736,0.1399152447652833,0.13991005384321273,0.6597717546362339
0,13,wrong_lineage,1736,0.04095346537962601,0.040643738559949225,0.9229671897289586
0,14,primary,1736,0.03773287375759569,0.037520894223877756,0.9217191097467383
0,14,direction_blind,1736,0.14142936231228395,0.14142242601453484,0.639293937068304
0,14,wrong_lineage,1736,0.038120438045846874,0.03782669528071263,0.9178818112049117
0,15,primary,1736,0.038443362121756176,0.03798565940025629,0.9171732522796353
0,15,direction_blind,1736,0.1365481535117621,0.13653924898239464,0.6299392097264438
0,15,wrong_lineage,1736,0.03990136007535283,0.039799499440627585,0.9270516717325228
0,16,primary,1736,0.04170029048020001,0.04123502761589557,0.9436222692036645
0,16,direction_blind,1736,0.14200326805728514,0.14198973994470046,0.6666666666666666
0,16,wrong_lineage,1736,0.04169926666494408,0.04161528306767763,0.9422128259337562
0,17,primary,1736,0.04828997229080634,0.04815479478553786,0.9424198250728864
0,17,direction_blind,1736,0.1444096189947761,0.14440002166382246,0.6625364431486881
0,17,wrong_lineage,1736,0.04927841676562987,0.04917127108979441,0.9373177842565598
0,18,primary,1736,0.04215156568463407,0.04186937816093447,0.9395248380129589
0,18,direction_blind,1736,0.13709127296098741,0.1370860753675069,0.6681065514758819
0,18,wrong_lineage,1736,0.042984925093141516,0.04125155883972432,0.9251259899208063
0,19,primary,1736,0.039865473522514766,0.03847840834746864,0.9181818181818182
0,19,direction_blind,1736,0.13581697471358772,0.13578865470261084,0.6477272727272727
0,19,wrong_lineage,1736,0.04448743611593182,0.0423789645091721,0.9303030303030303
0,20,primary,1736,0.04476762843932792,0.04319969494286208,0.9494301994301995
0,20,direction_blind,1736,0.1319845259996658,0.1319685509194847,0.6495726495726496
0,20,wrong_lineage,1736,0.04742363419107725,0.0451833526112925,0.9373219373219374
0,21,primary,1736,0.042619490528549187,0.038675239403804684,0.935064935064935
0,21,direction_blind,1736,0.13120218131772562,0.1311909239214979,0.665945165945166
0,21,wrong_lineage,1736,0.04101531509896254,0.03922754840320536,0.9206349206349206
0,22,primary,1736,0.037289768172572894,0.03665981469710943,0.9186492709132771
0,22,direction_blind,1736,0.1390262332405208,0.13901935918341368,0.656945510360706
0,22,wrong_lineage,1736,0.0419613284528562,0.04017454017739531,0.9286262471220261
0,23,primary,1736,0.040994659820612935,0.03748042467726246,0.9356683345246605
0,23,direction_blind,1736,0.13507776772742663,0.13506363015657993,0.6497498213009293
0,23,wrong_lineage,1736,0.042713360097771345,0.04190823309117253,0.9256611865618298
0,24,primary,1736,0.04713561928538851,0.04560803804537499,0.9314546839299315
0,24,direction_blind,1736,0.13510464231756814,0.13508002102549907,0.6473724295506473
0,24,wrong_lineage,1736,0.04761108807931348,0.04489173229432373,0.9367859862909368
0,25,primary,1736,0.04179531299048852,0.03986139515352997,0.9363636363636364
0,25,direction_blind,1736,0.13388599126729792,0.1338808548292389,0.6416666666666667
0,25,wrong_lineage,1736,0.04113638245438038,0.04060894829683224,0.9409090909090909
0,26,primary,1736,0.03832352064636109,0.03698269826391439,0.9384724186704385
0,26,direction_blind,1736,0.13544372010362685,0.13543024404736517,0.6364922206506365
0,26,wrong_lineage,1736,0.04209883602211615,0.040843787819988625,0.9285714285714286
0,27,primary,1736,0.03690580441395911,0.0358366280018267,0.9197026022304833
0,27,direction_blind,1736,0.135351981731427,0.13534567099008515,0.6527881040892193
0,27,wrong_lineage,1736,0.04447866820992485,0.04299865638663453,0.929368029739777
0,28,primary,1798,0.04835492858672172,0.04738292189739465,0.924597364568082
0,28,direction_blind,1798,0.1323484629914938,0.1323409204429227,0.6303074670571011
0,28,wrong_lineage,1798,0.04899039361952105,0.04745858782673443,0.9158125915080527
0,29,primary,1736,0.036482919222651296,0.03440119618138838,0.9188988095238095
0,29,direction_blind,1736,0.14022188891372014,0.1402066218317743,0.6510416666666666
0,29,wrong_lineage,1736,0.03713062443094457,0.03627099665198684,0.9203869047619048
0,30,primary,1736,0.035416235817682835,0.03508154153289291,0.913570887035633
0,30,direction_blind,1736,0.1428536802821108,0.1428461485646662,0.6398786959818044
0,30,wrong_lineage,1736,0.04135741598994309,0.04092677900124108,0.9219105382865808
0,31,primary,1736,0.04557049059245208,0.04041560076583737,0.9293785310734464
0,31,direction_blind,1736,0.1260574485559802,0.12604788696461597,0.6730225988700564
0,31,wrong_lineage,1736,0.04708916068614263,0.04673270495617403,0.923728813559322
0,32,primary,1736,0.0459139031415256,0.045494035430910455,0.9392348087021756
0,32,direction_blind,1736,0.1368303897425431,0.13682312390600274,0.6519129782445612
0,32,wrong_lineage,1736,0.047033817159781034,0.045338493207389065,0.9414853713428357
0,33,primary,1736,0.04835382591201016,0.045651792492908135,0.9418103448275862
0,33,direction_blind,1736,0.1413371569001618,0.1413276566989971,0.6645114942528736
0,33,wrong_lineage,1736,0.04788425708679154,0.04702811316364427,0.9410919540229885
0,34,primary,1736,0.04020381110100561,0.03906988808124159,0.937950937950938
0,34,direction_blind,1736,0.13655205844956192,0.13653372261959854,0.6522366522366523
0,34,wrong_lineage,1736,0.04179377546275749,0.04141394625646558,0.9264069264069265
0,35,primary,1736,0.03791668803892858,0.037262332407130894,0.9178598342125094
0,35,direction_blind,1736,0.13613285773242967,0.13612383577140133,0.6548605877920121
0,35,wrong_lineage,1736,0.04152493502896922,0.039488560583744586,0.9148455162019593
0,36,primary,1736,0.04389028940922327,0.042941070606203766,0.9261492087415222
0,36,direction_blind,1736,0.13446416815135248,0.13445748916491773,0.640542577241899
0,36,wrong_lineage,1736,0.04674660792272016,0.04330666939369668,0.9291635267520724
0,37,primary,1736,0.046322268929088854,0.04499632705210022,0.9409647228221742
0,37,direction_blind,1736,0.13614606809328364,0.13614083381179434,0.6594672426205903
0,37,wrong_lineage,1736,0.042397187657935195,0.041799328860460484,0.9409647228221742
0,38,primary,1736,0.044111662559978275,0.04185113891754659,0.9325108853410741
0,38,direction_blind,1736,0.13700683972246072,0.13699406417043897,0.6451378809869376
0,38,wrong_lineage,1736,0.04393345230154366,0.04175036268430359,0.93033381712627
0,39,primary,1736,0.04136123027434745,0.03988178866757036,0.9388335704125178
0,39,direction_blind,1736,0.13686407546033214,0.13683698941818245,0.6486486486486487
0,39,wrong_lineage,1736,0.043124323845205204,0.040333151647965755,0.933854907539118
0,40,primary,1736,0.04348345374495317,0.041912810882930675,0.9339019189765458
0,40,direction_blind,1736,0.13578059661935607,0.13577014842189303,0.6787491115849325
0,40,wrong_lineage,1736,0.04387456060519004,0.04278007456956896,0.9317697228144989
50,1,primary,1798,0.033217742950247243,0.032991209727478585,0.9224694903086863
50,1,direction_blind,1798,0.13034222655313965,0.13033815460031276,0.6137832017229002
50,1,wrong_lineage,1798,0.03554477922325638,0.03531133753655759,0.9332376166547021
50,2,primary,1860,0.038818683816109444,0.03866999610290186,0.9436619718309859
50,2,direction_blind,1860,0.12296584263854815,0.12293859513566767,0.6552649228705567
50,2,wrong_lineage,1860,0.03952779906359302,0.03869427675042075,0.9382964453386988
50,3,primary,1860,0.03432298227146282,0.033750738476173374,0.9255393180236604
50,3,direction_blind,1860,0.13554625411922785,0.13553975650209826,0.6374391092553932
50,3,wrong_lineage,1860,0.03403740832257961,0.03359022947219321,0.929714683368128
50,4,primary,1860,0.033826991575591284,0.03331526275747391,0.9318341531974701
50,4,direction_blind,1860,0.12750680261518688,0.12750062235737203,0.6500351370344343
50,4,wrong_lineage,1860,0.03736739824660086,0.03457876398049195,0.9318341531974701
50,5,primary,1860,0.03098076167573482,0.0295385736469817,0.9266620973269363
50,5,direction_blind,1860,0.12356051799453492,0.12354786211461746,0.6141192597669637
50,5,wrong_lineage,1860,0.037387107003751405,0.036211221106653715,0.9259766963673749
50,6,primary,1798,0.04308368612368554,0.04159058044483423,0.936
50,6,direction_blind,1798,0.125642120394571,0.12563153394609625,0.6436363636363637
50,6,wrong_lineage,1798,0.04205864846446943,0.04126636449050248,0.9381818181818182
50,7,primary,1798,0.03746946423427485,0.03606787830851185,0.926241134751773
50,7,direction_blind,1798,0.12961656538272606,0.12960333825571496,0.6390070921985815
50,7,wrong_lineage,1798,0.0375837217244103,0.03639629360130826,0.9347517730496454
50,8,primary,1798,0.04268106937992074,0.04168242933810809,0.9471488178025035
50,8,direction_blind,1798,0.13341571612116115,0.13340204508241685,0.6696801112656467
50,8,wrong_lineage,1798,0.04185478486227393,0.04170378781129421,0.9471488178025035
50,9,primary,1798,0.041116740772925695,0.04102212462064392,0.9357344632768362
50,9,direction_blind,1798,0.1399936699368228,0.13998573845180276,0.6581920903954802
50,9,wrong_lineage,1798,0.04263100430274995,0.042473593574193724,0.9371468926553672
50,10,primary,1798,0.040135351660631945,0.039861232969643605,0.94109396914446
50,10,direction_blind,1798,0.1338390948738763,0.13373699317637214,0.6514726507713885
50,10,wrong_lineage,1798,0.04282639164889481,0.04044379055016786,0.9361851332398317
50,11,primary,1798,0.041373190377474826,0.03996723303084088,0.9404761904761905
50,11,direction_blind,1798,0.13056432078966393,0.13054881235173738,0.6400560224089635
50,11,wrong_lineage,1798,0.04282719900385943,0.041793452269337124,0.9502801120448179
50,12,primary,1798,0.0363255843705287,0.03525643010505206,0.9350033852403521
50,12,direction_blind,1798,0.12269832373707389,0.12265360968579463,0.6181448882870684
50,12,wrong_lineage,1798,0.03963986350904036,0.039295725665512767,0.9275558564658091
50,13,primary,1798,0.04097868682627262,0.03963447523443222,0.9156028368794327
50,13,direction_blind,1798,0.13526586482318617,0.1352557193469456,0.6276595744680851
50,13,wrong_lineage,1798,0.04313898194924291,0.04047429349907365,0.9304964539007092
50,14,primary,1798,0.04406392449304425,0.041338258891458826,0.9431179775280899
50,14,direction_blind,1798,0.1279226550678458,0.12789563512381508,0.6439606741573034
50,14,wrong_lineage,1798,0.040375274678636996,0.03984244593340584,0.9360955056179775
50,15,primary,1798,0.03531039770900528,0.03457853738338575,0.9283646888567294
50,15,direction_blind,1798,0.13476293748762827,0.13475212260936245,0.6295224312590448
50,15,wrong_lineage,1798,0.03672484721282767,0.0363618392021218,0.934876989869754
50,16,primary,1798,0.04096026635317298,0.040683095764544354,0.9429763560500696
50,16,direction_blind,1798,0.13313924375230224,0.13313082747520208,0.6613351877607788
50,16,wrong_lineage,1798,0.0407840418009394,0.04043751257935721,0.9381084840055632
50,17,primary,1860,0.04480890301989238,0.0443365797981762,0.9411764705882353
50,17,direction_blind,1860,0.14291430136678976,0.14290669826445343,0.6685121107266436
50,17,wrong_lineage,1860,0.04668690123518326,0.045588320123939666,0.9418685121107266
50,18,primary,1798,0.041528721477444956,0.040204499028459476,0.9311827956989247
50,18,direction_blind,1798,0.14062136065847805,0.1406101182549266,0.6401433691756272
50,18,wrong_lineage,1798,0.04309538331481737,0.04222411876458272,0.9254480286738351
50,19,primary,1798,0.03432088154940616,0.033320280297880006,0.9285714285714286
50,19,direction_blind,1798,0.12647393134954218,0.12646121699994778,0.64002828854314
50,19,wrong_lineage,1798,0.04324768856443597,0.039382397356307754,0.9356435643564357
50,20,primary,1860,0.04527904587736725,0.04159184166046802,0.9494086727989488
50,20,direction_blind,1860,0.12127861540025871,0.1211302255536626,0.6399474375821288
50,20,wrong_lineage,1860,0.044587324591542334,0.042350341212007175,0.9461235216819974
50,21,primary,1860,0.047967966680822094,0.043121948381851204,0.9436141304347826
50,21,direction_blind,1860,0.12229614351418634,0.12228653542073323,0.6589673913043478
50,21,wrong_lineage,1860,0.040168884772039753,0.03982665479493916,0.9334239130434783
50,22,primary,1860,0.036822937845176866,0.03651884068663792,0.926605504587156
50,22,direction_blind,1860,0.1266858679795657,0.12667485202631507,0.6414961185603387
50,22,wrong_lineage,1860,0.04444971128028506,0.042337251370488806,0.9251940719830628
50,23,primary,1798,0.040420976648386356,0.03918080793982487,0.9407027818448024
50,23,direction_blind,1798,0.1234009238393129,0.12331471693161762,0.6442166910688141
50,23,wrong_lineage,1798,0.04892237550409787,0.04812230243983746,0.9267935578330894
50,24,primary,1860,0.05150692866562422,0.051173521931253095,0.9217081850533808
50,24,direction_blind,1860,0.12350330241458075,0.12339409954789372,0.6334519572953736
50,24,wrong_lineage,1860,0.05104795408316423,0.05006498206554577,0.9281138790035587
50,25,primary,1798,0.045897792159346605,0.043516865623707206,0.9479095270733379
50,25,direction_blind,1798,0.12171279919796954,0.12165974737573756,0.6449623029472241
50,25,wrong_lineage,1798,0.041705637270494415,0.04054057302721192,0.9472241261137766
50,26,primary,1860,0.03830876283022348,0.03669903987469148,0.9470198675496688
50,26,direction_blind,1860,0.1297783051338758,0.1297596103247408,0.652317880794702
50,26,wrong_lineage,1860,0.039371942994767484,0.03895717230058035,0.9403973509933775
50,27,primary,1798,0.040428154392425725,0.04003839321840133,0.9447895100069013
50,27,direction_blind,1798,0.1336660221913928,0.13364750097501796,0.6514837819185645
50,27,wrong_lineage,1798,0.049307737982651645,0.04916724434944732,0.937888198757764
50,28,primary,1860,0.05223019088375113,0.05147658707973472,0.9298969072164949
50,28,direction_blind,1860,0.1312649505445753,0.1312376351130123,0.6323024054982818
50,28,wrong_lineage,1860,0.050050841834205086,0.04986136421387535,0.9305841924398626
50,29,primary,1798,0.03622429419539217,0.03586297839441694,0.9385838150289018
50,29,direction_blind,1798,0.13393651788643213,0.13392389438321142,0.6315028901734104
50,29,wrong_lineage,1798,0.03603822697598257,0.03559220577823749,0.9378612716763006
50,30,primary,1798,0.04049060292139929,0.039608938178998174,0.9241672572643516
50,30,direction_blind,1798,0.13289935531963504,0.13289125062669108,0.6371367824238129
50,30,wrong_lineage,1798,0.04224016317029517,0.04202507890032342,0.9227498228206945
50,31,primary,1860,0.04069005683229578,0.04055436332557593,0.941970310391363
50,31,direction_blind,1860,0.12376572770118889,0.12353520734591832,0.6673414304993253
50,31,wrong_lineage,1860,0.042300691578625337,0.040068733748324856,0.9460188933873145
50,32,primary,1860,0.03587524623376286,0.03534460827266155,0.9271117166212534
50,32,direction_blind,1860,0.1323203336100146,0.13231358151602723,0.6403269754768393
50,32,wrong_lineage,1860,0.03892772075675684,0.03855589234975328,0.9298365122615804
50,33,primary,1860,0.047362401568598146,0.04715498435191206,0.9386503067484663
50,33,direction_blind,1860,0.14243611784412066,0.14241804763949548,0.65439672801636
50,33,wrong_lineage,1860,0.0519126517494726,0.050178814649089847,0.9393319700068167
50,34,primary,1860,0.04404881106421411,0.04258959735364917,0.9348556077904634
50,34,direction_blind,1860,0.1305922724041178,0.13058143674019693,0.6635325721961047
50,34,wrong_lineage,1860,0.042472741455643406,0.04210628194937606,0.9241101410342512
50,35,primary,1798,0.03929331674837116,0.03866325396899593,0.9215406562054208
50,35,direction_blind,1798,0.12806141574621127,0.12801212069864926,0.6326676176890157
50,35,wrong_lineage,1798,0.04322589691450537,0.03983103372322435,0.9400855920114123
50,36,primary,1798,0.0464831636555931,0.04418651216307935,0.9393939393939394
50,36,direction_blind,1798,0.11824875680953352,0.11822815979670201,0.6432506887052342
50,36,wrong_lineage,1798,0.051620832772228405,0.04516009612027961,0.9338842975206612
50,37,primary,1798,0.043790484907222225,0.04026309246912706,0.9291970802919708
50,37,direction_blind,1798,0.12943529828586764,0.12942919961608115,0.6525547445255474
50,37,wrong_lineage,1798,0.04204582185654078,0.04180339947858728,0.935036496350365
50,38,primary,1860,0.043825018638145176,0.04342531710861893,0.9344594594594594
50,38,direction_blind,1860,0.12567240655834216,0.12565858776732589,0.6574324324324324
50,38,wrong_lineage,1860,0.043966756746348035,0.043804943251664376,0.9290540540540541
50,39,primary,1860,0.041806396434534814,0.04167352019330003,0.938337801608579
50,39,direction_blind,1860,0.1320198983391916,0.1320030396239595,0.6601876675603218
50,39,wrong_lineage,1860,0.04383703498776348,0.04179559603680902,0.9423592493297587
50,40,primary,1798,0.04198979372717149,0.04093361204338474,0.9369306236860546
50,40,direction_blind,1798,0.12905036196280567,0.12890387827140834,0.6713384723195515
50,40,wrong_lineage,1798,0.04258392219723684,0.04233974481075872,0.9257182901191311
100,1,primary,1860,0.03261993882197977,0.03251760221222826,0.8877338877338877
100,1,direction_blind,1860,0.13127835887653894,0.13117264360576233,0.5661815661815662
100,1,wrong_lineage,1860,0.028443700863243295,0.02803221858677126,0.9306999306999307
100,2,primary,1860,0.0395964949705691,0.039471094769896006,0.9400399733510992
100,2,direction_blind,1860,0.1147397322185621,0.11464889933603062,0.6162558294470353
100,2,wrong_lineage,1860,0.04025158221644276,0.040028270118318894,0.9340439706862091
100,3,primary,1860,0.035107431708739235,0.035003124730741714,0.9232394366197183
100,3,direction_blind,1860,0.13772991394370135,0.13762902053204568,0.5823943661971831
100,3,wrong_lineage,1860,0.042979280214125185,0.039677072420168706,0.9154929577464789
100,4,primary,1860,0.0440933697628498,0.04136851578397229,0.919276270006959
100,4,direction_blind,1860,0.13472608262195293,0.1335782044029002,0.5789839944328462
100,4,wrong_lineage,1860,0.03391015912764885,0.03370107774432963,0.9157967988865693
100,5,primary,1860,0.03011360148116463,0.02966251084467969,0.9174757281553398
100,5,direction_blind,1860,0.12950479071927914,0.12933922198219747,0.5533980582524272
100,5,wrong_lineage,1860,0.03648691349948611,0.03601260541862423,0.9084604715672677
100,6,primary,1860,0.03840972582125141,0.037505800764961524,0.8947001394700139
100,6,direction_blind,1860,0.13949790035572673,0.13945982800774856,0.5739191073919108
100,6,wrong_lineage,1860,0.04383056668235154,0.04046300592580812,0.9086471408647141
100,7,primary,1860,0.04297806004881556,0.03908800522367428,0.9144050104384134
100,7,direction_blind,1860,0.13352712169877015,0.13131786847063343,0.5866388308977035
100,7,wrong_lineage,1860,0.02654707983272369,0.026154488660267716,0.9387613082811412
100,8,primary,1860,0.04209394523862866,0.04177293353033446,0.9471925133689839
100,8,direction_blind,1860,0.11791923507059404,0.11786906511698683,0.6316844919786097
100,8,wrong_lineage,1860,0.043514540677226966,0.043417080925142466,0.9418449197860963
100,9,primary,1860,0.044080821534153915,0.04394927861486309,0.9497964721845319
100,9,direction_blind,1860,0.11803464367611778,0.11799744768796311,0.6397557666214383
100,9,wrong_lineage,1860,0.04562640980511567,0.045556800905290844,0.9436906377204884
100,10,primary,1860,0.0451763390661781,0.045103361257971424,0.9405405405405406
100,10,direction_blind,1860,0.12183794517207112,0.12179277890749335,0.6304054054054054
100,10,wrong_lineage,1860,0.046893393694935025,0.04679776821811012,0.9391891891891891
100,11,primary,1860,0.04461904148015271,0.044507280772243196,0.9349429912810194
100,11,direction_blind,1860,0.11635140435964011,0.11629282455576363,0.6130114017437961
100,11,wrong_lineage,1860,0.046420925751614196,0.04633124928545237,0.9403085177733065
100,12,primary,1860,0.04025518847365907,0.04012606061897599,0.9418680600914435
100,12,direction_blind,1860,0.10997064059558287,0.10992133404298138,0.5996080992815154
100,12,wrong_lineage,1860,0.048623128942042924,0.04536545145941865,0.9235793598954931
100,13,primary,1860,0.04560704941980682,0.04379412755350865,0.8982456140350877
100,13,direction_blind,1860,0.13329658320124724,0.131357441801073,0.5936842105263158
100,13,wrong_lineage,1860,0.02778314871488732,0.027511064260731573,0.9333333333333333
100,14,primary,1860,0.043212591405333116,0.04312333167940573,0.9256254225828262
100,14,direction_blind,1860,0.11874664944635811,0.11870094259156533,0.6213657876943881
100,14,wrong_lineage,1860,0.040667792384379384,0.040434056661850216,0.922920892494929
100,15,primary,1860,0.03372280582745973,0.0334820810852946,0.9046610169491526
100,15,direction_blind,1860,0.13607983276775767,0.1359436065886287,0.5734463276836158
100,15,wrong_lineage,1860,0.03223408710129387,0.03194364414390484,0.9392655367231638
100,16,primary,1860,0.046320281077544406,0.04622783339367891,0.936
100,16,direction_blind,1860,0.12088112995317529,0.120828497688968,0.6226666666666667
100,16,wrong_lineage,1860,0.04090511144103149,0.04076046756480078,0.9373333333333334
100,17,primary,1860,0.047093262174154826,0.04685272931151469,0.946969696969697
100,17,direction_blind,1860,0.1251740463978039,0.12501298956207826,0.6322314049586777
100,17,wrong_lineage,1860,0.0510343467210378,0.048737156113675795,0.9373278236914601
100,18,primary,1860,0.05293044524995382,0.04499977920479505,0.9084604715672677
100,18,direction_blind,1860,0.14051988279029137,0.135981385309641,0.6054091539528432
100,18,wrong_lineage,1860,0.04401904016197056,0.04181484898305595,0.9070735090152566
100,19,primary,1860,0.04403148530492117,0.04095864960713636,0.9058988764044944
100,19,direction_blind,1860,0.13551201006356473,0.1341625000878563,0.5926966292134831
100,19,wrong_lineage,1860,0.031330892428851134,0.030838567970915373,0.9389044943820225
100,20,primary,1860,0.03935877191404713,0.039222442051356554,0.9414858645627876
100,20,direction_blind,1860,0.11157934016615154,0.11152872360854603,0.6351084812623274
100,20,wrong_lineage,1860,0.03983920216942429,0.039789959112600734,0.9368836291913215
100,21,primary,1860,0.04354756053778624,0.0434319908367015,0.9353301565690946
100,21,direction_blind,1860,0.12366491052105805,0.12362404964156985,0.6106194690265486
100,21,wrong_lineage,1860,0.05104923650699155,0.04587480517222765,0.9189925119128659
100,22,primary,1860,0.04551457004100193,0.03967753955763985,0.8887323943661972
100,22,direction_blind,1860,0.13532525463540535,0.13286374777017826,0.5866197183098592
100,22,wrong_lineage,1860,0.035902635653251316,0.034569750820016995,0.8873239436619719
100,23,primary,1860,0.03721868279515779,0.03634171248062712,0.874037788663401
100,23,direction_blind,1860,0.13430207826855134,0.13428092143254602,0.5787263820853744
100,23,wrong_lineage,1860,0.03571788289438952,0.034990819412507645,0.893631910426872
100,24,primary,1860,0.033598454747283776,0.03332055270340623,0.895397489539749
100,24,direction_blind,1860,0.1356070740727737,0.13494032179293275,0.5794979079497908
100,24,wrong_lineage,1860,0.02810347988138418,0.027741847140029967,0.9372384937238494
100,25,primary,1860,0.03998932611865164,0.03984171894987953,0.9442988204456094
100,25,direction_blind,1860,0.11851347164978118,0.11845877828548199,0.6074705111402359
100,25,wrong_lineage,1860,0.04022508543688117,0.04011604825370354,0.9456094364351245
100,26,primary,1860,0.040835326311968616,0.04070737056760698,0.9376640419947506
100,26,direction_blind,1860,0.11103709040535588,0.11099480173067393,0.6207349081364829
100,26,wrong_lineage,1860,0.042837384331053226,0.04151612771829268,0.9409448818897638
100,27,primary,1860,0.043436345755726004,0.042588955171988886,0.9453227931488801
100,27,direction_blind,1860,0.11485149800738376,0.11479318306707377,0.6297760210803689
100,27,wrong_lineage,1860,0.04332948944638918,0.04330291532587088,0.919631093544137
100,28,primary,1860,0.033955022664210084,0.03363800939367661,0.8850415512465374
100,28,direction_blind,1860,0.13967194598884394,0.1396608548679042,0.5720221606648199
100,28,wrong_lineage,1860,0.03695494897023169,0.03681719144815474,0.8940443213296398
100,29,primary,1860,0.04883033917285874,0.043581226925311,0.9078212290502793
100,29,direction_blind,1860,0.13444163420790076,0.13137922844192954,0.6019553072625698
100,29,wrong_lineage,1860,0.049341875860860626,0.04404397789381942,0.9182960893854749
100,30,primary,1860,0.05334072363465187,0.04498595546587571,0.9168413696715584
100,30,direction_blind,1860,0.1410005639291922,0.1366503133729063,0.5856044723969253
100,30,wrong_lineage,1860,0.02956657674966676,0.029302569240987876,0.9350104821802935
100,31,primary,1860,0.04321547424325836,0.0430420475955603,0.9463087248322147
100,31,direction_blind,1860,0.11935768943045139,0.11931290890302261,0.6208053691275168
100,31,wrong_lineage,1860,0.04537287599539705,0.04453369445804678,0.9315436241610738
100,32,primary,1860,0.03995853806516298,0.03840583664228583,0.9011667810569663
100,32,direction_blind,1860,0.13992956855761166,0.13915815161426112,0.5854495538778312
100,32,wrong_lineage,1860,0.07200520897195174,0.037874227125742295,0.9347975291695264
100,33,primary,1860,0.07451120375675295,0.04390471846382867,0.9428379287155346
100,33,direction_blind,1860,0.12911665487749574,0.129029519152071,0.6375252185608608
100,33,wrong_lineage,1860,0.05345135016567504,0.053364598271119404,0.9340954942837929
100,34,primary,1860,0.0466855898708599,0.04657401418938199,0.929718875502008
100,34,direction_blind,1860,0.11750197052757098,0.11744718716774279,0.6258366800535475
100,34,wrong_lineage,1860,0.04381576648700067,0.04353403610542701,0.9170013386880856
100,35,primary,1860,0.03638369718823527,0.03510573150084972,0.8824742268041237
100,35,direction_blind,1860,0.13522612439684287,0.13495506940462507,0.5752577319587628
100,35,wrong_lineage,1860,0.028455196607796253,0.027861987980502205,0.9360824742268041
100,36,primary,1860,0.041642272742747274,0.0415500841945236,0.9385847797062751
100,36,direction_blind,1860,0.11761143902679923,0.11756434201881603,0.6214953271028038
100,36,wrong_lineage,1860,0.04803374206241564,0.04649736949484125,0.9132176234979973
100,37,primary,1860,0.04288911055457767,0.041611400358033526,0.8776520509193777
100,37,direction_blind,1860,0.14003371318751784,0.13915928401930652,0.6053748231966054
100,37,wrong_lineage,1860,0.03302268550384533,0.0326663305478816,0.9328147100424328
100,38,primary,1860,0.04314315160269731,0.04301213613217146,0.9418526031102096
100,38,direction_blind,1860,0.11796549744818284,0.11791686685068903,0.6294793779580797
100,38,wrong_lineage,1860,0.0425404349325193,0.04234947855539986,0.9438810006761326
100,39,primary,1860,0.04441475904711383,0.04430707597772229,0.9429147078576225
100,39,direction_blind,1860,0.11633030556141788,0.11628497521840088,0.6433848220282069
100,39,wrong_lineage,1860,0.04556881038925185,0.04547255643903588,0.9442578912021491
100,40,primary,1860,0.045695641076810456,0.045353254581395525,0.9315254237288135
100,40,direction_blind,1860,0.12088711987832397,0.12070841271242601,0.6271186440677966
100,40,wrong_lineage,1860,0.04583765808866596,0.045611886703276795,0.9213559322033898
150,1,primary,1922,0.03615886463533583,0.022295021885328403,0.9389002036659878
150,1,direction_blind,1922,0.03924188322273878,0.027040518786817347,0.93346911065852
150,1,wrong_lineage,1922,0.10780089849238021,0.10734572514323645,0.6524100475220638
150,2,primary,1922,0.021518944449256953,0.02130444885821672,0.973384030418251
150,2,direction_blind,1922,0.05742366768689013,0.05740473505580049,0.9575411913814955
150,2,wrong_lineage,1922,0.11819266819183591,0.10413339912811513,0.3637515842839037
150,3,primary,1922,0.0289109299848222,0.025629002264389626,0.9448656099241902
150,3,direction_blind,1922,0.032028604388218945,0.029098653255856585,0.9427980702963473
150,3,wrong_lineage,1922,0.054213343562534336,0.044901927632986754,0.943487250172295
150,4,primary,1922,0.03080374075944989,0.0267868013458174,0.9502385821404227
150,4,direction_blind,1922,0.03140425113032114,0.029369425754055142,0.94546693933197
150,4,wrong_lineage,1922,0.023388486778385422,0.023234353203073797,0.9679618268575324
150,5,primary,1922,0.040313084619019536,0.024197231654233875,0.948563794255177
150,5,direction_blind,1922,0.04281648297990626,0.028197477703367325,0.9438877755511023
150,5,wrong_lineage,1922,0.0575875305166746,0.03415738857831204,0.9452237808951236
150,6,primary,1922,0.027420602591975665,0.0238117546320249,0.953125
150,6,direction_blind,1922,0.030313127507370415,0.027122706930560566,0.951766304347826
150,6,wrong_lineage,1922,0.09140429678608383,0.052703743180800185,0.936141304347826
150,7,primary,1922,0.03179033216888981,0.02208296101911153,0.9569965870307168
150,7,direction_blind,1922,0.03563800679804376,0.02803782401417607,0.957679180887372
150,7,wrong_lineage,1922,0.10339740291771828,0.0994131382333898,0.5795221843003413
150,8,primary,1922,0.02928886168756929,0.023147983275496713,0.9649122807017544
150,8,direction_blind,1922,0.05876006771265297,0.058738119475875504,0.9538661468486029
150,8,wrong_lineage,1922,0.024531586282982985,0.02428716840538039,0.9571150097465887
150,9,primary,1922,0.026254294449622215,0.025983788123769024,0.9585760517799353
150,9,direction_blind,1922,0.0670364711472228,0.0669878504321488,0.9449838187702265
150,9,wrong_lineage,1922,0.025820109179180865,0.025262355128485556,0.9585760517799353
150,10,primary,1922,0.024206275003364103,0.02374626590535421,0.9590643274853801
150,10,direction_blind,1922,0.07045590288598547,0.07030294051059924,0.9389213775178687
150,10,wrong_lineage,1922,0.02374590711774644,0.023675897559412917,0.9740090968161144
150,11,primary,1922,0.02283553103105452,0.022728661792345783,0.9624595469255663
150,11,direction_blind,1922,0.049181684464556265,0.04912931679678001,0.9514563106796117
150,11,wrong_lineage,1922,0.025592269949528974,0.024405561509134588,0.9799352750809062
150,12,primary,1922,0.018120514071333537,0.01590927911851377,0.9741538461538461
150,12,direction_blind,1922,0.054248979423875535,0.054248845336448456,0.9569230769230769
150,12,wrong_lineage,1922,0.11707296732387829,0.10677694279867565,0.41107692307692306
150,13,primary,1922,0.034040850022103476,0.02502764811414514,0.9514824797843666
150,13,direction_blind,1922,0.036280910571252614,0.028063668539089412,0.9420485175202157
150,13,wrong_lineage,1922,0.1136058059016591,0.11202709399746616,0.4110512129380054
150,14,primary,1922,0.022397500450894378,0.022089164282805385,0.9646529562982005
150,14,direction_blind,1922,0.05477433423906689,0.054427113968520846,0.9537275064267352
150,14,wrong_lineage,1922,0.11266849043174797,0.10694903539657882,0.5886889460154242
150,15,primary,1922,0.0451915955624174,0.02630578835125787,0.9522184300341296
150,15,direction_blind,1922,0.048954738327227805,0.03237576645885237,0.9358361774744027
150,15,wrong_lineage,1922,0.10729848663376894,0.10627249668310916,0.5692832764505119
150,16,primary,1922,0.023317713012233232,0.023108481169351377,0.962468193384224
150,16,direction_blind,1922,0.053705437633841724,0.05344452961684696,0.9548346055979644
150,16,wrong_lineage,1922,0.0308176107828099,0.026977554907358748,0.9573791348600509
150,17,primary,1922,0.024634128422552515,0.024465905452695225,0.9704724409448819
150,17,direction_blind,1922,0.048496546357532436,0.04846033648386461,0.9645669291338582
150,17,wrong_lineage,1922,0.14965324521896436,0.14088615721832587,0.4822834645669291
150,18,primary,1922,0.03980105084131737,0.02780603931195153,0.946712802768166
150,18,direction_blind,1922,0.044823740794169585,0.03481470042211988,0.9328719723183391
150,18,wrong_lineage,1922,0.021028339799449514,0.020326137941883142,0.9626297577854671
150,19,primary,1922,0.032458031214368514,0.028007703216285963,0.949528936742934
150,19,direction_blind,1922,0.035361485378587555,0.031350303820914485,0.9454912516823688
150,19,wrong_lineage,1922,0.10203760576333691,0.09930878174899503,0.8438761776581427
150,20,primary,1922,0.021402910584097094,0.021034409180751956,0.9657794676806084
150,20,direction_blind,1922,0.05789696875218362,0.057684854709817476,0.9505703422053232
150,20,wrong_lineage,1922,0.024568090044375653,0.02407983295637941,0.9531051964512041
150,21,primary,1922,0.021790570290007336,0.021270656922332636,0.9554423933800127
150,21,direction_blind,1922,0.07198275914426593,0.07190946177513222,0.9357097390197326
150,21,wrong_lineage,1922,0.12434740300389455,0.12017908793628317,0.4513049013367282
150,22,primary,1922,0.027777216958745382,0.020768887716803307,0.953232462173315
150,22,direction_blind,1922,0.02931383842499422,0.023026536908154035,0.9497936726272352
150,22,wrong_lineage,1922,0.02759446035581024,0.02756749423619714,0.969050894085282
150,23,primary,1922,0.02768405769345364,0.026235926453156116,0.9466848940533151
150,23,direction_blind,1922,0.03154167352141924,0.0302760460218313,0.9425837320574163
150,23,wrong_lineage,1922,0.016522685354940277,0.014853450789024919,0.9596719070403281
150,24,primary,1922,0.037420094642089494,0.024884336772784767,0.9437199725463281
150,24,direction_blind,1922,0.039076692149774106,0.027306327596421407,0.9368565545641729
150,24,wrong_lineage,1922,0.11119860054308595,0.11047554831631556,0.5614275909402883
150,25,primary,1922,0.021597025256757822,0.021291619629387516,0.9615384615384616
150,25,direction_blind,1922,0.059972649244243705,0.059875774233459834,0.95
150,25,wrong_lineage,1922,0.02351568364165997,0.023131375594951667,0.9538461538461539
150,26,primary,1922,0.020524380991113762,0.02047725799730516,0.9604022627278441
150,26,direction_blind,1922,0.05136454617032814,0.051309823643442325,0.9459459459459459
150,26,wrong_lineage,1922,0.029772351295718806,0.023852346716839026,0.9522313010685104
150,27,primary,1922,0.02121529720371804,0.019675607031052093,0.9636479591836735
150,27,direction_blind,1922,0.03980147238173209,0.039790627396553695,0.9566326530612245
150,27,wrong_lineage,1922,0.11335769203246046,0.10038584080874399,0.8188775510204082
150,28,primary,1922,0.039579551290176776,0.02418919864590966,0.9486139283299526
150,28,direction_blind,1922,0.04302414426081351,0.029504967144541747,0.940500338066261
150,28,wrong_lineage,1922,0.10535496567019063,0.05884968078549255,0.9499661933739013
150,29,primary,1922,0.037153827062412645,0.02249603138807516,0.956021650879567
150,29,direction_blind,1922,0.04105045104269634,0.0270573144844458,0.9553450608930988
150,29,wrong_lineage,1922,0.04750689957963775,0.02888002092920695,0.945872801082544
150,30,primary,1922,0.02829769043241506,0.021694491966908338,0.9477966101694916
150,30,direction_blind,1922,0.03399099818695861,0.02843947145732879,0.9423728813559322
150,30,wrong_lineage,1922,0.10010281180317857,0.09783797271820514,0.6006779661016949
150,31,primary,1922,0.028701338226666838,0.023123528498022773,0.9746753246753247
150,31,direction_blind,1922,0.03646152238512971,0.036443549421701874,0.9688311688311688
150,31,wrong_lineage,1922,0.12618378619510565,0.11001312542484447,0.36038961038961037
150,32,primary,1922,0.02547260413031275,0.025416146594726588,0.95260663507109
150,32,direction_blind,1922,0.028609947223834004,0.028574566284160663,0.949221394719025
150,32,wrong_lineage,1922,0.11661150818879991,0.11387103577209795,0.5741367637102234
150,33,primary,1922,0.024679606150058528,0.02460786450291853,0.9642620780939775
150,33,direction_blind,1922,0.04301947334531077,0.04301818175143836,0.9616148246194574
150,33,wrong_lineage,1922,0.030584565153014193,0.03049227206524146,0.972203838517538
150,34,primary,1922,0.021466715008923498,0.01986136718929461,0.9650711513583441
150,34,direction_blind,1922,0.04480877102031943,0.04453767655152801,0.9547218628719275
150,34,wrong_lineage,1922,0.11732062192210255,0.10658304824247845,0.3958602846054334
150,35,primary,1922,0.024700952900137317,0.02453414615688925,0.9470108695652174
150,35,direction_blind,1922,0.026592751066435886,0.026465013992434908,0.9408967391304348
150,35,wrong_lineage,1922,0.11962929006048076,0.11771562279878671,0.5597826086956522
150,36,primary,1922,0.02308540606676149,0.022763548298344913,0.9651457541191382
150,36,direction_blind,1922,0.05663523382581039,0.056567186311674685,0.9562737642585551
150,36,wrong_lineage,1922,0.11819819686527393,0.11413597157561467,0.7401774397972116
150,37,primary,1922,0.029056754444650237,0.028943779538611575,0.9486467730742539
150,37,direction_blind,1922,0.03733173555512588,0.037273202412677904,0.9340735600277585
150,37,wrong_lineage,1922,0.1272503330296471,0.12217376673012771,0.732824427480916
150,38,primary,1922,0.02153805713982641,0.020240633472335463,0.9785435630689207
150,38,direction_blind,1922,0.053692163281395026,0.053679354455188774,0.9648894668400521
150,38,wrong_lineage,1922,0.021797161253801604,0.019803940235309816,0.9622886866059818
150,39,primary,1922,0.022165274115794723,0.021647872093286058,0.9743260590500642
150,39,direction_blind,1922,0.04736846330510239,0.04709505143363392,0.9646983311938383
150,39,wrong_lineage,1922,0.02052809002163507,0.02047515345282107,0.9865211810012837
150,40,primary,1922,0.023365425953802622,0.023230782743209843,0.9674690956408588
150,40,direction_blind,1922,0.054891214735789895,0.05479778450171034,0.9583604424202993
150,40,wrong_lineage,1922,0.12024570157220807,0.1075501050749302,0.4033832140533507
170,1,primary,1922,0.013473084460620946,0.013220334634158119,0.968944099378882
170,1,direction_blind,1922,0.013635748457470058,0.01346709894787287,0.9682539682539683
170,1,wrong_lineage,1922,0.12205428800735094,0.12056139132652313,0.6031746031746031
170,2,primary,1922,0.01887573098108807,0.018533761052288433,0.9811676082862524
170,2,direction_blind,1922,0.04754941186162551,0.047499137490308846,0.970495919648462
170,2,wrong_lineage,1922,0.11393145541001848,0.10016620242459444,0.42310106716886375
170,3,primary,1922,0.013098495071788879,0.012913115417891094,0.9745704467353952
170,3,direction_blind,1922,0.013454174487618834,0.013305911822615759,0.9752577319587629
170,3,wrong_lineage,1922,0.05771229615961722,0.03197959277189335,0.9560137457044674
170,4,primary,1922,0.022858626251123004,0.016828827908901327,0.9596994535519126
170,4,direction_blind,1922,0.022674089746931986,0.016630213300284004,0.9590163934426229
170,4,wrong_lineage,1922,0.04685254355577417,0.04681907131042758,0.9542349726775956
170,5,primary,1922,0.015217776628999601,0.013230898561703746,0.9714479945615228
170,5,direction_blind,1922,0.01627164120263148,0.014482966956773112,0.9673691366417403
170,5,wrong_lineage,1922,0.0322027531900097,0.032112816097146744,0.9394969408565602
170,6,primary,1922,0.015137317638601074,0.01501465083748334,0.9685577580314423
170,6,direction_blind,1922,0.015890194003518456,0.01578910348955574,0.9665071770334929
170,6,wrong_lineage,1922,0.06581122727523328,0.037077925025075203,0.9439507860560492
170,7,primary,1922,0.01622288623737998,0.011825076736491304,0.9535040431266847
170,7,direction_blind,1922,0.017650487263490548,0.013705582946150341,0.9535040431266847
170,7,wrong_lineage,1922,0.09728007230643025,0.09541146182945502,0.6199460916442049
170,8,primary,1922,0.02686573827891291,0.024502207284337087,0.9725239616613418
170,8,direction_blind,1922,0.042726905772580905,0.04272293903857938,0.9699680511182108
170,8,wrong_lineage,1922,0.026645824353009717,0.026198422244083,0.9642172523961662
170,9,primary,1922,0.022969046279704707,0.02205686960877595,0.9752066115702479
170,9,direction_blind,1922,0.05544124990671625,0.05541448757490295,0.9656706929434202
170,9,wrong_lineage,1922,0.0221538254515417,0.021660398621403773,0.9643992371265099
170,10,primary,1922,0.021183763686325463,0.02070795392393496,0.9785082174462706
170,10,direction_blind,1922,0.06613567196445398,0.06596353158780562,0.965865992414665
170,10,wrong_lineage,1922,0.02088799257979536,0.020623456111026308,0.9804045512010113
170,11,primary,1922,0.021473484709248376,0.02137447395110519,0.9884984025559106
170,11,direction_blind,1922,0.06208802786624644,0.062055113975117676,0.9712460063897763
170,11,wrong_lineage,1922,0.024780766163305153,0.02470659324494547,0.9884984025559106
170,12,primary,1922,0.020505683122350026,0.020397724915680218,0.9817407181984176
170,12,direction_blind,1922,0.051058311936034856,0.05102334105447671,0.9671332927571515
170,12,wrong_lineage,1922,0.13094676029440613,0.12164682877951061,0.44735240413877053
170,13,primary,1922,0.023716316899663224,0.02001050668352209,0.9629120879120879
170,13,direction_blind,1922,0.02482140757535512,0.021180887417983452,0.9663461538461539
170,13,wrong_lineage,1922,0.0954095579798471,0.09330099660244814,0.6215659340659341
170,14,primary,1922,0.02148549019107197,0.021009655796134116,0.979746835443038
170,14,direction_blind,1922,0.07282625266083682,0.07265184324140761,0.9537974683544304
170,14,wrong_lineage,1922,0.11638073033845239,0.10702882598369097,0.4158227848101266
170,15,primary,1922,0.016691368785858467,0.01649732950768444,0.9744298548721493
170,15,direction_blind,1922,0.016512633552774134,0.01635481500345453,0.9785763648928818
170,15,wrong_lineage,1922,0.12990958317185577,0.12519992453759662,0.5411195577055978
170,16,primary,1922,0.02487109687945404,0.023358527784659276,0.9816571790006325
170,16,direction_blind,1922,0.05449473454266485,0.05448620569864134,0.9734345351043643
170,16,wrong_lineage,1922,0.030018951270965495,0.028464446661361057,0.9544592030360531
170,17,primary,1922,0.02453374450288689,0.023273632727868507,0.9844458846403111
170,17,direction_blind,1922,0.0694334982421946,0.06942310327236065,0.9688917692806222
170,17,wrong_lineage,1922,0.14594037698930454,0.13438836786689748,0.524303305249514
170,18,primary,1922,0.01517601187488692,0.013812191179372756,0.9669876203576341
170,18,direction_blind,1922,0.016632882140962507,0.01541763391035819,0.96767537826685
170,18,wrong_lineage,1922,0.02708457920108018,0.027074707440381974,0.9704264099037139
170,19,primary,1922,0.022284435668543368,0.018125492351278236,0.973990417522245
170,19,direction_blind,1922,0.02263428867702012,0.018589766365702278,0.9774127310061602
170,19,wrong_lineage,1922,0.09850478045722456,0.09583754278210627,0.8631074606433949
170,20,primary,1922,0.018238493331677454,0.01804386493821814,0.9844816883923029
170,20,direction_blind,1922,0.05250383914754325,0.05250355689693873,0.9702048417132216
170,20,wrong_lineage,1922,0.019023362917773477,0.018724328251834316,0.9869646182495344
170,21,primary,1922,0.019380760953075088,0.019276857248094064,0.979565772669221
170,21,direction_blind,1922,0.06684352863183146,0.06684348318206958,0.9572158365261814
170,21,wrong_lineage,1922,0.14306438735797772,0.13610978300244825,0.48531289910600256
170,22,primary,1922,0.01762224482634121,0.013907651811128673,0.9627586206896551
170,22,direction_blind,1922,0.017913502517727654,0.014325575942404179,0.9627586206896551
170,22,wrong_lineage,1922,0.06301472458118286,0.06301450745556032,0.9462068965517242
170,23,primary,1922,0.01775370932465399,0.017723417921284533,0.9543252595155709
170,23,direction_blind,1922,0.018250159585169907,0.018219980638400034,0.9515570934256056
170,23,wrong_lineage,1922,0.011903851805799306,0.011872784860259842,0.9674740484429065
170,24,primary,1922,0.017825001711461053,0.017739464810779298,0.9653259361997226
170,24,direction_blind,1922,0.02008056425829814,0.020034496512878933,0.9667128987517337
170,24,wrong_lineage,1922,0.12183806040514038,0.12028670520283768,0.5644937586685159
170,25,primary,1922,0.02175273973716944,0.02170850548294902,0.9755944931163955
170,25,direction_blind,1922,0.05358715609749007,0.05357939306530051,0.9630788485607009
170,25,wrong_lineage,1922,0.023017846970288594,0.022447316142192933,0.9624530663329162
170,26,primary,1922,0.019258902530642594,0.0190230962900947,0.9792583280955374
170,26,direction_blind,1922,0.04881547193069161,0.04879634229125693,0.9692017598994344
170,26,wrong_lineage,1922,0.03531962602787889,0.024319113668214293,0.9660590823381521
170,27,primary,1922,0.02122179151163573,0.021131394031732552,0.9790343074968234
170,27,direction_blind,1922,0.05461916154050275,0.054557178636777046,0.968869123252859
170,27,wrong_lineage,1922,0.11279449883958742,0.10081061727045362,0.6435832274459975
170,28,primary,1922,0.015277129812614636,0.015188515431206927,0.9661246612466124
170,28,direction_blind,1922,0.015993592422961687,0.01591178296827485,0.9654471544715447
170,28,wrong_lineage,1922,0.08340948618130843,0.0535368670339453,0.9444444444444444
170,29,primary,1922,0.011171577096422244,0.010083654468087951,0.9712722298221614
170,29,direction_blind,1922,0.01184248561581618,0.01085057836700377,0.9719562243502052
170,29,wrong_lineage,1922,0.022162606972368954,0.01865924650398797,0.9671682626538988
170,30,primary,1922,0.017463298485545287,0.016001058394661722,0.9737931034482759
170,30,direction_blind,1922,0.01744811123779187,0.016017907373469555,0.9758620689655172
170,30,wrong_lineage,1922,0.11175838578336242,0.10966303397024753,0.663448275862069
170,31,primary,1922,0.02104984810037841,0.018946851914243536,0.9841772151898734
170,31,direction_blind,1922,0.06342472067546974,0.06339102032674633,0.9670886075949368
170,31,wrong_lineage,1922,0.11760601500774381,0.10419202030219243,0.460126582278481
170,32,primary,1922,0.01622598784738977,0.01208037393515429,0.9618788291354663
170,32,direction_blind,1922,0.017851551381674845,0.014293639104501326,0.9652825051055139
170,32,wrong_lineage,1922,0.10291210188959884,0.10007938554120058,0.7474472430224642
170,33,primary,1922,0.018065853339168342,0.01770491081845635,0.982421875
170,33,direction_blind,1922,0.07132571037779903,0.07130213164550543,0.955078125
170,33,wrong_lineage,1922,0.029576286633364417,0.029447814861939214,0.9947916666666666
170,34,primary,1922,0.02257200749968876,0.02132433040892597,0.9782051282051282
170,34,direction_blind,1922,0.05267206616035297,0.052634416470793484,0.967948717948718
170,34,wrong_lineage,1922,0.12335275614046494,0.10732573670768773,0.3685897435897436
170,35,primary,1922,0.015970204903227696,0.013939406341839322,0.9676975945017182
170,35,direction_blind,1922,0.01646564201940512,0.014440968288665446,0.9663230240549828
170,35,wrong_lineage,1922,0.12124799016502681,0.11640849125963808,0.8006872852233677
170,36,primary,1922,0.023741498375943085,0.02372382779475595,0.9749530369442705
170,36,direction_blind,1922,0.05289253727783198,0.052890383543564616,0.965560425798372
170,36,wrong_lineage,1922,0.1203124463816458,0.11120797817909622,0.43894802755165935
170,37,primary,1922,0.01725860557819394,0.014070935889332184,0.9717436250861475
170,37,direction_blind,1922,0.01787453695994095,0.014244429668822311,0.9751895244658856
170,37,wrong_lineage,1922,0.10276760306943442,0.09984600752362242,0.5430737422467264
170,38,primary,1922,0.02373427374967641,0.021365622074243286,0.9787096774193549
170,38,direction_blind,1922,0.05664321357463666,0.05661957336349871,0.9658064516129032
170,38,wrong_lineage,1922,0.02531256988008369,0.022481242052774002,0.9638709677419355
170,39,primary,1922,0.027749659992314518,0.023066716784019163,0.9829113924050633
170,39,direction_blind,1922,0.03883268424460117,0.03877749153939197,0.9778481012658228
170,39,wrong_lineage,1922,0.023833559074257535,0.021677672493673757,0.9810126582278481
170,40,primary,1922,0.02053487640537351,0.01973390223255962,0.9788461538461538
170,40,direction_blind,1922,0.04676160317732052,0.04663389779609901,0.9717948717948718
170,40,wrong_lineage,1922,0.11959596265219359,0.10659237439438232,0.33974358974358976
190,1,primary,1922,0.028493990995850968,0.028446117198979493,0.9723684210526315
190,1,direction_blind,1922,0.03362579892334801,0.03362494922662864,0.9717105263157895
190,1,wrong_lineage,1922,0.09897615764731153,0.09629105021875692,0.625
190,2,primary,1922,0.020229336123306085,0.01911995705818648,0.9787234042553191
190,2,direction_blind,1922,0.04619079908025318,0.04614051757208667,0.9699624530663329
190,2,wrong_lineage,1922,0.021933268285092823,0.02187892190416446,0.9499374217772215
190,3,primary,1922,0.019551332734543,0.019491113313449875,0.9737683941138836
190,3,direction_blind,1922,0.06548660385325966,0.06548247081148696,0.9552143314139475
190,3,wrong_lineage,1922,0.019793421731995994,0.01956843736763985,0.9878438899552143
190,4,primary,1922,0.020238604951173328,0.020139997526800596,0.971830985915493
190,4,direction_blind,1922,0.05998701122392276,0.059986115285882484,0.9577464788732394
190,4,wrong_lineage,1922,0.1138970051952533,0.10342888886712061,0.41293213828425096
190,5,primary,1922,0.02224620941643066,0.022159801034875665,0.9857972885732731
190,5,direction_blind,1922,0.02464120434971311,0.024607795774053275,0.9877340219496449
190,5,wrong_lineage,1922,0.021122252871161967,0.020975348101475756,0.9845061329890252
190,6,primary,1922,0.03353816024189585,0.03351074592783739,0.9742233972240582
190,6,direction_blind,1922,0.03528906820688871,0.03528406578474158,0.969596827495043
190,6,wrong_lineage,1922,0.04329596430278842,0.024000397737836115,0.9682749504296101
190,7,primary,1922,0.02758527126233782,0.027535863210851393,0.9749357326478149
190,7,direction_blind,1922,0.03204977435972164,0.032029274667237366,0.9723650385604113
190,7,wrong_lineage,1922,0.1010828801564573,0.09969946262171976,0.6304627249357326
190,8,primary,1922,0.025647640782416405,0.02506991257778126,0.9684542586750788
190,8,direction_blind,1922,0.054392812800051434,0.05439044945702838,0.9583596214511041
190,8,wrong_lineage,1922,0.13688229549961312,0.1262206560668726,0.6580441640378549
190,9,primary,1922,0.03770088121127397,0.037645315339531506,0.9623908663532572
190,9,direction_blind,1922,0.04021706151861741,0.04019653038870499,0.9664204163868368
190,9,wrong_lineage,1922,0.03859702601542673,0.0385617073316697,0.9617192746809939
190,10,primary,1922,0.035880077815366805,0.03580067269226015,0.9654255319148937
190,10,direction_blind,1922,0.03730922000904076,0.03724953584918766,0.9674202127659575
190,10,wrong_lineage,1922,0.05150226913603719,0.05150196274232386,0.9594414893617021
190,11,primary,1922,0.037953769351627406,0.03795329486867496,0.9664654594232059
190,11,direction_blind,1922,0.040708498177682725,0.04070811533468843,0.9698189134808853
190,11,wrong_lineage,1922,0.10324599717357776,0.10154278113235063,0.6961770623742455
190,12,primary,1922,0.020252193471169737,0.02015228058744893,0.9658385093167702
190,12,direction_blind,1922,0.057112209284498776,0.05699936123261991,0.9503105590062112
190,12,wrong_lineage,1922,0.02658975109226304,0.0264656303437466,0.9527950310559006
190,13,primary,1922,0.020478656882327494,0.020446253926133993,0.980806142034549
190,13,direction_blind,1922,0.05087826777645259,0.05087215982072951,0.9712092130518234
190,13,wrong_lineage,1922,0.11178803308739467,0.09952787160932759,0.7434420985284709
190,14,primary,1922,0.03646048280395176,0.036451705385623326,0.9626168224299065
190,14,direction_blind,1922,0.03704553315120184,0.037036894384921276,0.9639519359145527
190,14,wrong_lineage,1922,0.09829299920426231,0.0963300675370568,0.6662216288384513
190,15,primary,1922,0.020058971725433174,0.019990248463099058,0.9771428571428571
190,15,direction_blind,1922,0.06478030214566181,0.06476184487120867,0.9593650793650793
190,15,wrong_lineage,1922,0.20652359356786787,0.20034204550418605,0.7974603174603174
190,16,primary,1922,0.04020620226422457,0.0401719430518794,0.973132372214941
190,16,direction_blind,1922,0.03542022077612852,0.035392271446090605,0.9659239842726082
190,16,wrong_lineage,1922,0.10993562459380975,0.1080273934698519,0.6788990825688074
190,17,primary,1922,0.026751718970806197,0.024472762466401933,0.9664516129032258
190,17,direction_blind,1922,0.06331003878252088,0.06331003878252088,0.9567741935483871
190,17,wrong_lineage,1922,0.1991849410922156,0.1911643971816361,0.7367741935483871
190,18,primary,1922,0.03845875068069462,0.038381099424842816,0.9681274900398407
190,18,direction_blind,1922,0.036037880514164636,0.03599912265146795,0.9741035856573705
190,18,wrong_lineage,1922,0.045208035646076374,0.04518946778234417,0.9760956175298805
190,19,primary,1922,0.03332049358134371,0.03331562417152755,0.96913985554826
190,19,direction_blind,1922,0.03721048792606868,0.03720930997477433,0.9711096520026264
190,19,wrong_lineage,1922,0.09973447542921463,0.08958639769978902,0.9441891004596191
190,20,primary,1922,0.02107685186399175,0.020629042204763495,0.9800498753117207
190,20,direction_blind,1922,0.06078362024715695,0.06078126971331132,0.963216957605985
190,20,wrong_lineage,1922,0.11686709498042004,0.09846458886978945,0.4270573566084788
190,21,primary,1922,0.04973969729114648,0.04969087969659676,0.9629380053908356
190,21,direction_blind,1922,0.046860490897536716,0.04685401348620152,0.965633423180593
190,21,wrong_lineage,1922,0.0339238147200766,0.023994889542546513,0.9683288409703504
190,22,primary,1922,0.03172276372057267,0.031671517633891734,0.9787375415282392
190,22,direction_blind,1922,0.03371357030501182,0.03368799145075444,0.9800664451827242
190,22,wrong_lineage,1922,0.08989430584492622,0.08847450763735597,0.9435215946843853
190,23,primary,1922,0.020491776471742874,0.02019790582790433,0.9809281627463445
190,23,direction_blind,1922,0.05965364652113458,0.059483399502964204,0.9637635092180546
190,23,wrong_lineage,1922,0.024384485723589266,0.024344633721422204,0.9713922441195169
190,24,primary,1922,0.02276457603294268,0.022660157300469327,0.9801536491677336
190,24,direction_blind,1922,0.07084629668237998,0.07077862350255645,0.9628681177976952
190,24,wrong_lineage,1922,0.018551389974193064,0.01823056474840501,0.9846350832266325
190,25,primary,1922,0.019693151200298367,0.0191947127465064,0.9857673267326733
190,25,direction_blind,1922,0.060048456262999234,0.06002858201888518,0.9721534653465347
190,25,wrong_lineage,1922,0.023119254403598737,0.02299479016757184,0.9839108910891089
190,26,primary,1922,0.018524637935462017,0.018502914139254978,0.9711779448621554
190,26,direction_blind,1922,0.06212583536671604,0.06212583536671603,0.9555137844611529
190,26,wrong_lineage,1922,0.12799106633432766,0.11654105204745632,0.4855889724310777
190,27,primary,1922,0.03298420992627307,0.032931663996328575,0.9769433465085638
190,27,direction_blind,1922,0.03549018383957481,0.03545016738871618,0.9795783926218709
190,27,wrong_lineage,1922,0.09346271874189967,0.08601304037601207,0.733201581027668
190,28,primary,1922,0.01956334388888374,0.019504646661789672,0.985633978763273
190,28,direction_blind,1922,0.06328036642104709,0.06320032961487432,0.9675202998126171
190,28,wrong_lineage,1922,0.03253749909800809,0.021073915465638242,0.9612742036227357
190,29,primary,1922,0.023906435421150035,0.02011165071904329,0.969811320754717
190,29,direction_blind,1922,0.049231759166589256,0.049230254334990495,0.9591194968553459
190,29,wrong_lineage,1922,0.127779787727642,0.1152094028036973,0.8245283018867925
190,30,primary,1922,0.03370402866315647,0.033656152083214735,0.9705111402359109
190,30,direction_blind,1922,0.035244859732640986,0.03522867686801425,0.9757536041939712
190,30,wrong_lineage,1922,0.11170073917944129,0.11011488702593748,0.555045871559633
190,31,primary,1922,0.0180130338045433,0.017714737322276075,0.9721166032953105
190,31,direction_blind,1922,0.062494785908243554,0.06249110452058647,0.9537389100126743
190,31,wrong_lineage,1922,0.11415168220257553,0.10029149859883295,0.9043092522179975
190,32,primary,1922,0.04379843804022145,0.043781493606586085,0.9717847769028871
190,32,direction_blind,1922,0.0467408616478912,0.046732425935103045,0.9704724409448819
190,32,wrong_lineage,1922,0.04011422125286957,0.03508861347864954,0.9612860892388452
190,33,primary,1922,0.034716595415989766,0.03468344005557053,0.9684351914036265
190,33,direction_blind,1922,0.037646790316815386,0.03762027797204777,0.9691067830758898
190,33,wrong_lineage,1922,0.07091469659924723,0.07091316898647652,0.9576897246474144
190,34,primary,1922,0.028948678636456275,0.028941789269383837,0.9754316069057105
190,34,direction_blind,1922,0.03549670304434521,0.035494749276249876,0.9780876494023905
190,34,wrong_lineage,1922,0.10503491811333572,0.1035713057429541,0.6148738379814077
190,35,primary,1922,0.023155683606564406,0.022950062706386144,0.9747952110901071
190,35,direction_blind,1922,0.057246523253354505,0.05724609455190931,0.9678638941398866
190,35,wrong_lineage,1922,0.022542780825983384,0.02245888609992282,0.9779458097038437
190,36,primary,1922,0.02160601957447897,0.02152303184101808,0.9785488958990536
190,36,direction_blind,1922,0.05963916117260459,0.05963783966212503,0.9665615141955836
190,36,wrong_lineage,1922,0.1214408291877169,0.10707893912220531,0.4025236593059937
190,37,primary,1922,0.05460737322731592,0.054605501579138675,0.9592518370073481
190,37,direction_blind,1922,0.0548239387067279,0.05482333428283388,0.9599198396793587
190,37,wrong_lineage,1922,0.019343784603147153,0.017997290503177506,0.9719438877755511
190,38,primary,1922,0.03309209336799154,0.03305889331575234,0.9733155436957972
190,38,direction_blind,1922,0.03673673386258751,0.036734549134642094,0.9759839893262174
190,38,wrong_lineage,1922,0.022496059299492492,0.022371930228650187,0.9753168779186124
190,39,primary,1922,0.031125225837100097,0.031124742910795342,0.972203838517538
190,39,direction_blind,1922,0.03705380356889073,0.0370537734982204,0.9748510919920582
190,39,wrong_lineage,1922,0.12078683977546789,0.11137668444098008,0.4440767703507611
190,40,primary,1922,0.02777835538341587,0.02337139202831916,0.9730941704035875
190,40,direction_blind,1922,0.07149864761201245,0.0714971671702807,0.957078795643818
190,40,wrong_lineage,1922,0.11534999423412717,0.1058764747497157,0.3555413196668802
240,1,primary,1984,0.034272218361953495,0.03244481682003582,0.939840392879067
240,1,direction_blind,1984,0.1075305806786226,0.10752916088277313,0.621853898096992
240,1,wrong_lineage,1984,0.035914657724179656,0.03480059195585434,0.9373848987108656
240,2,primary,1984,0.029913090419479888,0.029739190712264687,0.9415627051871307
240,2,direction_blind,1984,0.12119418445188153,0.12118149357423558,0.6309914642153645
240,2,wrong_lineage,1984,0.03145553357113154,0.031354472846988383,0.9343401181877873
240,3,primary,1984,0.025533860679395365,0.02540589539690306,0.9342969776609724
240,3,direction_blind,1984,0.1249211750489228,0.1249099793239933,0.6077529566360053
240,3,wrong_lineage,1984,0.025419156023810407,0.025226132700150592,0.9329829172141918
240,4,primary,1984,0.026385950775348797,0.0261889744883265,0.9369250985545335
240,4,direction_blind,1984,0.12011544062435961,0.12010702697541524,0.6432325886990802
240,4,wrong_lineage,1984,0.02964128157722754,0.029492908384571987,0.9388961892247043
240,5,primary,1984,0.03556695174256455,0.033461632261703,0.9394673123486683
240,5,direction_blind,1984,0.10560644567360845,0.10559610264521439,0.6216707021791767
240,5,wrong_lineage,1984,0.035722151163511316,0.03510183921182082,0.9418886198547215
240,6,primary,1984,0.038393351431172285,0.03746451722220397,0.9392059553349876
240,6,direction_blind,1984,0.11271350318113198,0.11270792973674333,0.6346153846153846
240,6,wrong_lineage,1984,0.042532903649366294,0.03799047464089792,0.9429280397022333
240,7,primary,1984,0.03815294580201209,0.03555947894215253,0.9387116948092558
240,7,direction_blind,1984,0.11487198221258849,0.11487098175048212,0.6241400875547217
240,7,wrong_lineage,1984,0.03555477943913413,0.0346235482941274,0.943089430894309
240,8,primary,1984,0.030064573734165607,0.029874955788520147,0.9427631578947369
240,8,direction_blind,1984,0.1267146777052566,0.126705271631102,0.65
240,8,wrong_lineage,1984,0.03124919911477739,0.03107789370538021,0.9407894736842105
240,9,primary,1984,0.04169452270127848,0.03759938023184361,0.9479297365119197
240,9,direction_blind,1984,0.11621379513914046,0.11620955367524637,0.6386449184441656
240,9,wrong_lineage,1984,0.03990895007603769,0.038731689034318666,0.939146800501882
240,10,primary,1984,0.0397551692212812,0.038521133713366705,0.9390703517587939
240,10,direction_blind,1984,0.11731280607041993,0.11730613473592179,0.6293969849246231
240,10,wrong_lineage,1984,0.040371508015886765,0.03487704516820735,0.9440954773869347
240,11,primary,1984,0.03819156523241951,0.0345114296492129,0.9409937888198758
240,11,direction_blind,1984,0.11140009220776582,0.11139688262153992,0.6291925465838509
240,11,wrong_lineage,1984,0.03724903854462759,0.036446857617229836,0.9322981366459627
240,12,primary,1984,0.03235415287757508,0.03222648344843242,0.9127035830618893
240,12,direction_blind,1984,0.1072054199781998,0.10719957912865691,0.6403908794788273
240,12,wrong_lineage,1984,0.03857846106669174,0.038451953633559334,0.9166123778501629
240,13,primary,1984,0.031211880153339585,0.031101542850043486,0.9400131839156229
240,13,direction_blind,1984,0.11725260106208425,0.117186675780309,0.6400791034937376
240,13,wrong_lineage,1984,0.032688031747812187,0.03250287617134466,0.936717205009888
240,14,primary,1984,0.03746223978387605,0.03593948767175167,0.9437776373973468
240,14,direction_blind,1984,0.11605887196354982,0.11605073823571779,0.6197094125078964
240,14,wrong_lineage,1984,0.036700072932701416,0.034072063123078325,0.9406190777005685
240,15,primary,1984,0.026274606813530228,0.02608581813022197,0.9263437292634373
240,15,direction_blind,1984,0.1185134302992829,0.11850616157499912,0.5899137358991373
240,15,wrong_lineage,1984,0.03068268258515444,0.030522833515835505,0.9276708692767087
240,16,primary,1984,0.038358566013501814,0.036147674685454975,0.940736119775421
240,16,direction_blind,1984,0.11631614705339587,0.11631609952216676,0.6250779787897692
240,16,wrong_lineage,1984,0.039071679697822985,0.03825913501797792,0.933873986275733
240,17,primary,1984,0.03199835263650442,0.031542851682264415,0.930186170212766
240,17,direction_blind,1984,0.1386146569340182,0.13860065115879738,0.6569148936170213
240,17,wrong_lineage,1984,0.03421599047270425,0.03410972829607127,0.9348404255319149
240,18,primary,1984,0.04035423572798807,0.03851244112936236,0.9371859296482412
240,18,direction_blind,1984,0.12267417178716915,0.12267304919004589,0.6287688442211056
240,18,wrong_lineage,1984,0.041937513106628105,0.03933772618159703,0.9428391959798995
240,19,primary,1984,0.03751502994027341,0.03538363349338381,0.941682013505218
240,19,direction_blind,1984,0.11692647828636128,0.11688478891989598,0.6193984039287906
240,19,wrong_lineage,1984,0.03654997421483033,0.03586348265654946,0.9287906691221608
240,20,primary,1984,0.027111466805449957,0.027028907073372844,0.9295958279009127
240,20,direction_blind,1984,0.12339322578239567,0.1233802876827572,0.5984354628422425
240,20,wrong_lineage,1984,0.031032972328919845,0.030787881578524662,0.9354628422425033
240,21,primary,1984,0.036858502066222536,0.0353396902619235,0.9396442185514613
240,21,direction_blind,1984,0.11086576128006441,0.11081903498962838,0.6359593392630242
240,21,wrong_lineage,1984,0.0373453504661989,0.033378791356366226,0.9358322744599746
240,22,primary,1984,0.03754267548275824,0.03469500516363872,0.9411019632678911
240,22,direction_blind,1984,0.11001733741742392,0.1100111437376039,0.6377454084863838
240,22,wrong_lineage,1984,0.03550454937197039,0.03483140409041824,0.9265357821405953
240,23,primary,1984,0.029765959221328245,0.029694967648159938,0.9250836120401338
240,23,direction_blind,1984,0.12536922264307568,0.12535895232151864,0.620066889632107
240,23,wrong_lineage,1984,0.03130744475577412,0.031225765082742125,0.9290969899665552
240,24,primary,1984,0.031512501962523316,0.03143673373397138,0.9317725752508361
240,24,direction_blind,1984,0.11582939830802093,0.11582347656166003,0.6193979933110368
240,24,wrong_lineage,1984,0.03145539194201258,0.03135785250308089,0.9331103678929766
240,25,primary,1984,0.027874585209643508,0.027717396552427002,0.9253731343283582
240,25,direction_blind,1984,0.12139043071663706,0.12138767043940892,0.5983127839065542
240,25,wrong_lineage,1984,0.026634529826903636,0.02651013093206631,0.9234263465282284
240,26,primary,1984,0.024621301754328008,0.024530446681756427,0.928336620644313
240,26,direction_blind,1984,0.1206685155841998,0.12066344045582567,0.6055226824457594
240,26,wrong_lineage,1984,0.029804264998029923,0.02964939111093317,0.938198553583169
240,27,primary,1984,0.038717870907973025,0.03657996840533779,0.9375780274656679
240,27,direction_blind,1984,0.11747407834768481,0.11747289728421365,0.6392009987515606
240,27,wrong_lineage,1984,0.04168156619189088,0.04131943469738702,0.9288389513108615
240,28,primary,1984,0.02617801345707711,0.02607964100510095,0.9282452707110241
240,28,direction_blind,1984,0.12820496321136443,0.12819669823829238,0.6053489889106327
240,28,wrong_lineage,1984,0.024208177292664557,0.024009957682058512,0.9275929549902152
240,29,primary,1984,0.028318722663237417,0.02812195683707191,0.9202334630350194
240,29,direction_blind,1984,0.12361343633286814,0.12359716759463037,0.6128404669260701
240,29,wrong_lineage,1984,0.02898120312386707,0.028815142278273722,0.9241245136186771
240,30,primary,1984,0.039005524839333124,0.03781848861878373,0.9394884591391142
240,30,direction_blind,1984,0.111905443881918,0.1118171867177966,0.6269494697442296
240,30,wrong_lineage,1984,0.037350534954824106,0.037256160165296065,0.9426076107298814
240,31,primary,1984,0.03049277130928201,0.03040993907783008,0.9314247669773635
240,31,direction_blind,1984,0.12884591839059897,0.1287027431536264,0.6171770972037284
240,31,wrong_lineage,1984,0.032156879408167915,0.031961061775793845,0.9274300932090546
240,32,primary,1984,0.04066182444327017,0.038645179962446166,0.9381570810142239
240,32,direction_blind,1984,0.1153992324624416,0.11539740457569804,0.614100185528757
240,32,wrong_lineage,1984,0.04488779534641459,0.0436547552849584,0.9344465058750773
240,33,primary,1984,0.04466431984642933,0.04345538796473556,0.9391249207355739
240,33,direction_blind,1984,0.11838961613932038,0.11838939352615162,0.6537729866835764
240,33,wrong_lineage,1984,0.048415990516384226,0.04657521102533534,0.9435637285986049
240,34,primary,1984,0.03971108473086184,0.0382849384445806,0.9357914812460267
240,34,direction_blind,1984,0.11603364645138683,0.11603313912163156,0.6300063572790846
240,34,wrong_lineage,1984,0.039907415971222424,0.03713250206024,0.9230769230769231
240,35,primary,1984,0.029876934350724152,0.029626371246091025,0.922273024167211
240,35,direction_blind,1984,0.12039900510992423,0.12038845601337976,0.6152841280209014
240,35,wrong_lineage,1984,0.0320971685430278,0.031933930147541166,0.9274983670803396
240,36,primary,1984,0.028581890294603427,0.028399951240880135,0.9268451992161986
240,36,direction_blind,1984,0.12436712457971259,0.12434976258071095,0.6061397779229262
240,36,wrong_lineage,1984,0.03245631861530099,0.032278784561315325,0.9288047028086218
240,37,primary,1984,0.041120890567527796,0.039709769998801166,0.9416562107904642
240,37,direction_blind,1984,0.12038001391417533,0.12019413409525555,0.6191969887076537
240,37,wrong_lineage,1984,0.040168936449243006,0.038744096479189576,0.9385194479297365
240,38,primary,1984,0.039003204169830503,0.03664306075723492,0.9370324189526185
240,38,direction_blind,1984,0.11405451514249276,0.11405451514249276,0.6390274314214464
240,38,wrong_lineage,1984,0.0389523174334591,0.03747367850502494,0.9326683291770573
240,39,primary,1984,0.0410122469983413,0.03956030343137686,0.9393939393939394
240,39,direction_blind,1984,0.11633441587689253,0.11633142846661747,0.6239950525664811
240,39,wrong_lineage,1984,0.03850192239972031,0.03817739311074832,0.9270253555967841
240,40,primary,1984,0.032611056924906914,0.03248747520090676,0.9275265957446809
240,40,direction_blind,1984,0.12941223591335338,0.1292886422315819,0.6382978723404256
240,40,wrong_lineage,1984,0.03510722139044627,0.03497640759824494,0.942154255319149
290,1,primary,2046,0.037043773813371386,0.03300381625504613,0.937733499377335
290,1,direction_blind,2046,0.11755468305958644,0.11745070922816794,0.5859277708592777
290,1,wrong_lineage,2046,0.03811167790726311,0.037828491764325595,0.933997509339975
290,2,primary,2046,0.03251992702486364,0.032142322907214194,0.9430455635491607
290,2,direction_blind,2046,0.11712914391412423,0.11710706150090722,0.6258992805755396
290,2,wrong_lineage,2046,0.032065255699483965,0.030935177517538385,0.9430455635491607
290,3,primary,2046,0.029389988691170824,0.028637936023581643,0.9419035846724351
290,3,direction_blind,2046,0.12009937917602963,0.12000516865098838,0.6118665018541409
290,3,wrong_lineage,2046,0.03484506309448732,0.033666069837876955,0.9425216316440049
290,4,primary,2046,0.03638174407188579,0.03518614957769881,0.9431747992588018
290,4,direction_blind,2046,0.11816416676798026,0.11815583843172851,0.6158122297714639
290,4,wrong_lineage,2046,0.040242694065765215,0.03633500362751812,0.9400864731315627
290,5,primary,2046,0.035087999811394585,0.031100701109454763,0.9449485783424078
290,5,direction_blind,2046,0.11384232937912799,0.11379460731160396,0.5934664246823956
290,5,wrong_lineage,2046,0.03755905602476124,0.0330919566485597,0.9340592861464004
290,6,primary,2046,0.03726041045238272,0.03258915005166276,0.9347826086956522
290,6,direction_blind,2046,0.1221504629518333,0.12214437000096212,0.6062111801242236
290,6,wrong_lineage,2046,0.03622900637315233,0.034903674035203426,0.937888198757764
290,7,primary,2046,0.035652577956101265,0.034465793422572645,0.9445828144458281
290,7,direction_blind,2046,0.12096633693486009,0.12094489111682498,0.5971357409713575
290,7,wrong_lineage,2046,0.037368374285195155,0.03727086328454028,0.9352428393524284
290,8,primary,2046,0.034858895821896184,0.03468195272477582,0.9422492401215805
290,8,direction_blind,2046,0.12293352163783451,0.12279021916949902,0.6328267477203647
290,8,wrong_lineage,2046,0.03478026410082007,0.03442578745043222,0.9422492401215805
290,9,primary,2046,0.03126790162906352,0.03091344753770861,0.943327239488117
290,9,direction_blind,2046,0.12097084539378702,0.12095359509583416,0.6270566727605119
290,9,wrong_lineage,2046,0.031445502567541264,0.03029871105209923,0.9396709323583181
290,10,primary,2046,0.032898206265954626,0.032002389055312636,0.9438552713661884
290,10,direction_blind,2046,0.1185871230824495,0.1185039597861176,0.6144728633811604
290,10,wrong_lineage,2046,0.034471491740226144,0.03388735491827733,0.9463505926388023
290,11,primary,2046,0.0358364314525082,0.03426178983087094,0.9415461973601509
290,11,direction_blind,2046,0.11722163916368138,0.11716579336696546,0.5895663104965431
290,11,wrong_lineage,2046,0.036926472276479716,0.033840992494647504,0.9490886235072281
290,12,primary,2046,0.031969017343448904,0.02718775501468688,0.9429771908763506
290,12,direction_blind,2046,0.1154487149319148,0.11543639559321953,0.5828331332533013
290,12,wrong_lineage,2046,0.03498095378613265,0.03279235027136462,0.9405762304921969
290,13,primary,2046,0.03679943272803483,0.03459657375672602,0.9418676561533704
290,13,direction_blind,2046,0.12285996623857572,0.12285061018423808,0.5955473098330241
290,13,wrong_lineage,2046,0.038704382722931155,0.034966191963253,0.9381570810142239
290,14,primary,2046,0.03861137763318462,0.03397001022713418,0.9356060606060606
290,14,direction_blind,2046,0.12140867812741687,0.12139739168795464,0.5896464646464646
290,14,wrong_lineage,2046,0.03762478932736204,0.03635430490576748,0.9381313131313131
290,15,primary,2046,0.030310074551841565,0.02982302633919692,0.9393564356435643
290,15,direction_blind,2046,0.12011895085458764,0.1200999537240219,0.5835396039603961
290,15,wrong_lineage,2046,0.03870495183871759,0.03831377102698441,0.9455445544554455
290,16,primary,2046,0.03929120183925311,0.03753426005634147,0.9462631253860407
290,16,direction_blind,2046,0.12280674491476212,0.12280027915579494,0.6195182211241507
290,16,wrong_lineage,2046,0.03925360074087939,0.039097084235782634,0.942557134033354
290,17,primary,2046,0.03610888742944028,0.03580476286983993,0.9454094292803971
290,17,direction_blind,2046,0.12925853379170557,0.1292032506490446,0.6544665012406948
290,17,wrong_lineage,2046,0.037984262613539675,0.03730076524619564,0.9435483870967742
290,18,primary,2046,0.03980716838986639,0.038862986959890274,0.9400252525252525
290,18,direction_blind,2046,0.12799489715089857,0.12798714301173394,0.6111111111111112
290,18,wrong_lineage,2046,0.041412241549284044,0.03954778358377949,0.9412878787878788
290,19,primary,2046,0.03611687886834452,0.03423126999168041,0.940234134319162
290,19,direction_blind,2046,0.12013146891103557,0.12012702838940086,0.6038200862600123
290,19,wrong_lineage,2046,0.03678900717309775,0.034260996506302,0.9396179913739988
290,20,primary,2046,0.0361570305146075,0.03399225484419692,0.9412832929782082
290,20,direction_blind,2046,0.11685422782788969,0.11682898689578104,0.6065375302663438
290,20,wrong_lineage,2046,0.037067370157802745,0.034516517852958235,0.9358353510895884
290,21,primary,2046,0.03881160577558809,0.03585217356574674,0.9354430379746835
290,21,direction_blind,2046,0.12091996647903262,0.12091467820230832,0.6044303797468354
290,21,wrong_lineage,2046,0.040193620669493085,0.038256793815866885,0.9360759493670886
290,22,primary,2046,0.03770669514434041,0.03540918998157668,0.9378140703517588
290,22,direction_blind,2046,0.11909456181748479,0.11908944863268739,0.614321608040201
290,22,wrong_lineage,2046,0.03975066066866948,0.03526195340671074,0.9302763819095478
290,23,primary,2046,0.0400429796046548,0.03585526396805416,0.9239472030169704
290,23,direction_blind,2046,0.1214335586906957,0.12139753877245824,0.6040226272784412
290,23,wrong_lineage,2046,0.03942773518365799,0.03881878260167813,0.9396605908233815
290,24,primary,2046,0.032795764897249294,0.03180677664134575,0.9424019607843137
290,24,direction_blind,2046,0.12023575246669997,0.12022312751891698,0.6115196078431373
290,24,wrong_lineage,2046,0.03682814127621537,0.03405904976519809,0.9411764705882353
290,25,primary,2046,0.034927391808244224,0.03284780374403999,0.9394313967861557
290,25,direction_blind,2046,0.1196612507063332,0.11965562894346608,0.5834363411619283
290,25,wrong_lineage,2046,0.03432740096059352,0.032576750358474266,0.9412855377008653
290,26,primary,2046,0.03656895856995378,0.032796452168588654,0.9408138101109741
290,26,direction_blind,2046,0.11719769005249556,0.11717718155169506,0.5807644882860666
290,26,wrong_lineage,2046,0.03486360548339737,0.0338380876848193,0.938964241676942
290,27,primary,2046,0.031230653886569003,0.030546030479307817,0.9495798319327731
290,27,direction_blind,2046,0.12285096848870264,0.1228301177620334,0.6356542617046819
290,27,wrong_lineage,2046,0.03498121463665313,0.033753793653746214,0.9453781512605042
290,28,primary,2046,0.032002489259179166,0.03154078610811526,0.9459134615384616
290,28,direction_blind,2046,0.11687435200481949,0.11682052654044575,0.6201923076923077
290,28,wrong_lineage,2046,0.031202298637772165,0.03026142171109592,0.9495192307692307
290,29,primary,2046,0.03183950359659867,0.031746829315806684,0.9470802919708029
290,29,direction_blind,2046,0.12007557158860065,0.12005000531349602,0.6253041362530414
290,29,wrong_lineage,2046,0.033021916469654265,0.03230462770312311,0.9470802919708029
290,30,primary,2046,0.030440919487800998,0.030198743497054266,0.9420639710319855
290,30,direction_blind,2046,0.12303238836904747,0.12300512343097357,0.6300543150271575
290,30,wrong_lineage,2046,0.03274530410582215,0.03168485173938342,0.9420639710319855
290,31,primary,2046,0.03823950618895738,0.03641320949434218,0.9370324189526185
290,31,direction_blind,2046,0.12179216818493166,0.12178729704546026,0.6240648379052369
290,31,wrong_lineage,2046,0.03796701255550324,0.03790311336524677,0.928927680798005
290,32,primary,2046,0.03236942541204168,0.03198246531691293,0.9441747572815534
290,32,direction_blind,2046,0.12093793048622703,0.12091113358567607,0.6395631067961165
290,32,wrong_lineage,2046,0.04983287845784009,0.04894639245121207,0.9484223300970874
290,33,primary,2046,0.04272407238585906,0.04182402557494161,0.9355040701314965
290,33,direction_blind,2046,0.128528968566019,0.12852246256558117,0.6180338134001252
290,33,wrong_lineage,2046,0.04968100417120451,0.04810242844864611,0.9417658108954289
290,34,primary,2046,0.03496052711220785,0.03320482313625866,0.9459627329192547
290,34,direction_blind,2046,0.1290687565391787,0.1290555189386965,0.6260869565217392
290,34,wrong_lineage,2046,0.03735248724460428,0.03514507211594643,0.9496894409937888
290,35,primary,2046,0.03876512174797742,0.03639433954106578,0.9345274861025324
290,35,direction_blind,2046,0.11937043229516006,0.11934278258290242,0.6022235948116121
290,35,wrong_lineage,2046,0.038834495872534465,0.035435128578722226,0.9363804817788759
290,36,primary,2046,0.03759624678401996,0.03328432402038914,0.9353233830845771
290,36,direction_blind,2046,0.11859544947438298,0.11858982267822647,0.6044776119402985
290,36,wrong_lineage,2046,0.03769061132866906,0.03662343344721127,0.929726368159204
290,37,primary,2046,0.03529155352625578,0.03486385407162878,0.9436881188118812
290,37,direction_blind,2046,0.12377032006639356,0.12375231265703186,0.6435643564356436
290,37,wrong_lineage,2046,0.03421751784621879,0.03341591502496064,0.9486386138613861
290,38,primary,2046,0.03968426427892171,0.038492252550581904,0.9300567107750473
290,38,direction_blind,2046,0.12128864616285753,0.12127807340931918,0.6181474480151229
290,38,wrong_lineage,2046,0.03998566133915086,0.0395653504417376,0.931316950220542
290,39,primary,2046,0.030995413341383504,0.030141921584206255,0.9455535390199638
290,39,direction_blind,2046,0.1289823913477312,0.1289636997159271,0.6243194192377496
290,39,wrong_lineage,2046,0.0338872639899736,0.0332365130962885,0.9473684210526315
290,40,primary,2046,0.04022564445790298,0.0389873785356699,0.9414385741565882
290,40,direction_blind,2046,0.12086452010643954,0.12086049353343507,0.6199872692552514
290,40,wrong_lineage,2046,0.04601812162020742,0.04186744719062098,0.9439847231063018
340,1,primary,2046,0.03651144700458918,0.03470072185635293,0.9421641791044776
340,1,direction_blind,2046,0.1097111367595004,0.1095880009608909,0.625
340,1,wrong_lineage,2046,0.03864843727761759,0.03644066536359188,0.9378109452736318
340,2,primary,2046,0.028468991707214546,0.027236022318792515,0.9542719614921781
340,2,direction_blind,2046,0.11957413660043781,0.11955984087322682,0.6468110709987966
340,2,wrong_lineage,2046,0.029499071642293442,0.02943594671726407,0.9500601684717208
340,3,primary,2046,0.028615051349134692,0.02826952395967481,0.9514742014742015
340,3,direction_blind,2046,0.11336652267349405,0.11330417783403925,0.6406633906633906
340,3,wrong_lineage,2046,0.032617904447123834,0.031085388434089395,0.9477886977886978
340,4,primary,2046,0.034805533923065686,0.033586772362263845,0.940149625935162
340,4,direction_blind,2046,0.11861219248617333,0.11854231822128312,0.6384039900249376
340,4,wrong_lineage,2046,0.035905156606512854,0.035292621272019986,0.9476309226932669
340,5,primary,2046,0.029849936032268192,0.02887847646862686,0.9440729483282675
340,5,direction_blind,2046,0.11132767339001327,0.11124868680300223,0.6200607902735562
340,5,wrong_lineage,2046,0.0325353536402798,0.030496567143328043,0.9434650455927052
340,6,primary,2046,0.034501447037231264,0.03266154709106041,0.9365671641791045
340,6,direction_blind,2046,0.11465237275701917,0.11464804781582842,0.6225124378109452
340,6,wrong_lineage,2046,0.03396329263525624,0.03239726509248679,0.9427860696517413
340,7,primary,2046,0.03360733448125214,0.03277565013881861,0.9421538461538461
340,7,direction_blind,2046,0.10456214692393893,0.10455384119255412,0.6504615384615384
340,7,wrong_lineage,2046,0.03552501799319901,0.03498814816151389,0.9347692307692308
340,8,primary,2046,0.031711562099984006,0.030747346866295985,0.9484721390053924
340,8,direction_blind,2046,0.12401642724837343,0.12400203228784086,0.6572798082684242
340,8,wrong_lineage,2046,0.03210947274348352,0.03131149888184702,0.9526662672258838
340,9,primary,2046,0.0312528325353675,0.030523540614415964,0.9499389499389499
340,9,direction_blind,2046,0.11896377360550223,0.11891362876745096,0.6526251526251526
340,9,wrong_lineage,2046,0.032350808453098505,0.03193791658618319,0.9499389499389499
340,10,primary,2046,0.028486883761981375,0.028248247833068424,0.945712523133868
340,10,direction_blind,2046,0.11391306022334387,0.11390282524239209,0.6563849475632326
340,10,wrong_lineage,2046,0.02935833778912994,0.02837731433046882,0.9438618136952498
340,11,primary,2046,0.02864383286489973,0.028091319450320767,0.947076923076923
340,11,direction_blind,2046,0.11305568689983349,0.11304767406320713,0.6486153846153846
340,11,wrong_lineage,2046,0.030152069308446793,0.029265845030146308,0.9476923076923077
340,12,primary,2046,0.032842328266116654,0.02983010868255883,0.9463532248342374
340,12,direction_blind,2046,0.1047142087886176,0.10471154796992634,0.6341169379144063
340,12,wrong_lineage,2046,0.038302582955246,0.037371028473318614,0.9373116335141651
340,13,primary,2046,0.035843268032386466,0.03432265533241493,0.9352428393524284
340,13,direction_blind,2046,0.11423593713224284,0.11422999938080088,0.6201743462017435
340,13,wrong_lineage,2046,0.03749853256130164,0.033492796791137855,0.935865504358655
340,14,primary,2046,0.03742500607637065,0.03350277503639998,0.943289224952741
340,14,direction_blind,2046,0.11573157541220455,0.1157235986441376,0.632010081915564
340,14,wrong_lineage,2046,0.03741420547491737,0.03662784717913488,0.9458097038437303
340,15,primary,2046,0.027902674925002455,0.027466039816572356,0.9419315403422983
340,15,direction_blind,2046,0.11579390042088274,0.11578265392240329,0.6289731051344744
340,15,wrong_lineage,2046,0.034510611139989524,0.034220954339834596,0.9462102689486552
340,16,primary,2046,0.038290413139567686,0.037625691484930876,0.9344159900062461
340,16,direction_blind,2046,0.11137464502257827,0.11136711407991126,0.637101811367895
340,16,wrong_lineage,2046,0.04183755286994451,0.03944704793814984,0.94316052467208
340,17,primary,2046,0.03349356382979615,0.03177020532532258,0.9463741620962828
340,17,direction_blind,2046,0.12525761016362927,0.1252505134471657,0.6758074344911639
340,17,wrong_lineage,2046,0.03322918227795422,0.03216837173015202,0.9482023156611822
340,18,primary,2046,0.03704592532574932,0.03522829998290195,0.9369880277252678
340,18,direction_blind,2046,0.11769099498234255,0.11768225343850715,0.6420919974795211
340,18,wrong_lineage,2046,0.03751033222287566,0.036501169147568506,0.9420289855072463
340,19,primary,2046,0.03387714489671974,0.03309232111950831,0.9436532507739938
340,19,direction_blind,2046,0.10988835783895355,0.10988384761312428,0.6303405572755418
340,19,wrong_lineage,2046,0.03666921992768133,0.0335360955280332,0.9436532507739938
340,20,primary,2046,0.03575621659089157,0.032186404699399915,0.9407090464547677
340,20,direction_blind,2046,0.11102988889794363,0.1110253386160311,0.6320293398533008
340,20,wrong_lineage,2046,0.03810689379940396,0.037226539096224295,0.9400977995110025
340,21,primary,2046,0.0382969275747619,0.036498523070181095,0.9417658108954289
340,21,direction_blind,2046,0.11324218601153008,0.11323476475028965,0.6343143393863494
340,21,wrong_lineage,2046,0.03811325565501241,0.03520672574456491,0.9417658108954289
340,22,primary,2046,0.03553519098452823,0.033384012484964615,0.9411392405063291
340,22,direction_blind,2046,0.11335155739525309,0.11334729098115191,0.6341772151898735
340,22,wrong_lineage,2046,0.03687617494096113,0.033674191045743124,0.9354430379746835
340,23,primary,2046,0.03646827080039255,0.03205171249812907,0.931592039800995
340,23,direction_blind,2046,0.11644426660863885,0.11643457565728829,0.6449004975124378
340,23,wrong_lineage,2046,0.03716310625630231,0.03582258233964985,0.9291044776119403
340,24,primary,2046,0.028697467765186845,0.027972338311536907,0.9518221124150711
340,24,direction_blind,2046,0.11524154381032838,0.115232292881913,0.6361951822112415
340,24,wrong_lineage,2046,0.030710017903826655,0.029495549669978055,0.9505867819641755
340,25,primary,2046,0.03536425962494599,0.0341524377411748,0.9401234567901234
340,25,direction_blind,2046,0.10971696127617907,0.10971332697537768,0.6154320987654321
340,25,wrong_lineage,2046,0.03430966855335535,0.03339918033220962,0.9481481481481482
340,26,primary,2046,0.03284475141012681,0.030804047624873612,0.9411042944785276
340,26,direction_blind,2046,0.10870220313483057,0.10867933073738045,0.6337423312883436
340,26,wrong_lineage,2046,0.0355757054309159,0.03453309847421688,0.9368098159509203
340,27,primary,2046,0.03186759686166165,0.030466108071969585,0.9470517448856799
340,27,direction_blind,2046,0.11851048325841715,0.11849114761894433,0.6594464500601684
340,27,wrong_lineage,2046,0.03351109372721998,0.03284618788283252,0.9482551143200962
340,28,primary,2046,0.027979171330835696,0.026634710909345567,0.9495798319327731
340,28,direction_blind,2046,0.11446280841315236,0.11445328772412824,0.648859543817527
340,28,wrong_lineage,2046,0.02845178576670422,0.02767011406058766,0.9501800720288115
340,29,primary,2046,0.029704083964774648,0.028528248904361588,0.9508393285371702
340,29,direction_blind,2046,0.11193714791842109,0.11190885377511203,0.6588729016786571
340,29,wrong_lineage,2046,0.030489628556368102,0.029789057527073434,0.9496402877697842
340,30,primary,2046,0.031571854389182516,0.03140098011073523,0.9530120481927711
340,30,direction_blind,2046,0.11895983284866242,0.11895322883285704,0.6765060240963855
340,30,wrong_lineage,2046,0.03332484746552935,0.03245300024450838,0.9506024096385542
340,31,primary,2046,0.036936681702294596,0.03451960202180853,0.9371108343711083
340,31,direction_blind,2046,0.11317757335926143,0.11316893687724489,0.6357409713574097
340,31,wrong_lineage,2046,0.04108705668768916,0.038552641337685975,0.9277708592777086
340,32,primary,2046,0.029357998860642342,0.027985089292641516,0.9473369239976063
340,32,direction_blind,2046,0.12125484250150402,0.12123775285347235,0.644524236983842
340,32,wrong_lineage,2046,0.04240985894363799,0.04216552442522293,0.9473369239976063
340,33,primary,2046,0.04047515517488493,0.040106986334840354,0.9369426751592357
340,33,direction_blind,2046,0.12504320005755687,0.12503580798930988,0.6458598726114649
340,33,wrong_lineage,2046,0.050683734201869134,0.04913438508542561,0.9407643312101911
340,34,primary,2046,0.03223789076003702,0.0308753432616343,0.9454656862745098
340,34,direction_blind,2046,0.11619115734484903,0.1161765915687516,0.6587009803921569
340,34,wrong_lineage,2046,0.03263823208985508,0.03232832550437345,0.9454656862745098
340,35,primary,2046,0.03377421804443352,0.03331048864276259,0.9397515527950311
340,35,direction_blind,2046,0.11440430357122905,0.11439235503278959,0.6385093167701863
340,35,wrong_lineage,2046,0.03538776688986336,0.03479734166951364,0.9422360248447205
340,36,primary,2046,0.034962073352411235,0.033977047855391206,0.9375382731169627
340,36,direction_blind,2046,0.11447935101617954,0.11443884484078314,0.6380894060012248
340,36,wrong_lineage,2046,0.03912766254268601,0.03852015679990159,0.9301898346601347
340,37,primary,2046,0.030677667385816315,0.02995213316214685,0.9463414634146341
340,37,direction_blind,2046,0.11665615951321572,0.1166485982492587,0.6646341463414634
340,37,wrong_lineage,2046,0.03245055152912903,0.031994541398379046,0.9445121951219512
340,38,primary,2046,0.03686502615744298,0.036128354757282384,0.9357053682896379
340,38,direction_blind,2046,0.11887947735209228,0.1188708413395469,0.6441947565543071
340,38,wrong_lineage,2046,0.039308343264155735,0.03745434105494991,0.9413233458177278
340,39,primary,2046,0.031056188533822793,0.02957902791356222,0.9451145958986731
340,39,direction_blind,2046,0.11766782365651009,0.11765826968086326,0.6556091676718938
340,39,wrong_lineage,2046,0.030510580584132672,0.029730737039117952,0.9372738238841978
340,40,primary,2046,0.03640930768114479,0.03615753826368791,0.9332493702770781
340,40,direction_blind,2046,0.11392120222247908,0.11389694930475099,0.6542821158690176
340,40,wrong_lineage,2046,0.04075501685207998,0.03948505597211111,0.9382871536523929
