condition,state,wait_index,wait_us,h_linear,h_purity_half_scale,h_local_min,h_local_max,h_local_range,h_derivative_per_us,h_rate_scale_per_us,amplitude_x,rate_y,relation_real,relation_imag,relation_radius,relation_theta_rad,relation_theta_deg,quadrant,purity_amplitude_x,purity_rate_y,two_definition_distance
Ramsey,Phi-plus,0,0.02,0.06474218421960865,0.055191746062770664,0.06474218421960865,1.025165197221323,0.9604230130017143,0.0055959378741379726,0.051253828647529656,0.0,0.8908191247014736,-1.0,-0.10918087529852638,1.0059425746686301,-3.0328425304843343,-173.76907692452906,low_opening,0.0,0.6003885733382786,0.29043055136319507
Ramsey,Phi-plus,1,4.02,0.1224885685347098,0.18556610905211413,0.06474218421960865,1.025165197221323,0.9604230130017143,0.023277254283412617,0.051253828647529656,0.12025197966596013,0.5458436004168727,-0.8797480203340399,-0.45415639958312726,0.9900578844511928,-2.6650418475823106,-152.6956500922136,low_opening,0.26892976394518087,0.22619518306200048,0.3525339618471575
Ramsey,Phi-plus,2,8.02,0.25096021848690964,0.39909122976820055,0.06474218421960865,1.025165197221323,0.9604230130017143,0.034186398486725014,0.051253828647529656,0.3877833657594138,0.33299815079526285,-0.6122166342405861,-0.6670018492047372,0.9053732236395169,-2.3133935476401772,-132.5476866325789,low_opening,0.7093787831686691,0.05043273988510655,0.42809674600662245
Ramsey,Phi-plus,3,12.02,0.3959797564285099,0.6075791068379065,0.06474218421960865,1.025165197221323,0.9604230130017143,0.051253828647529656,0.051253828647529656,0.6897743342772442,0.0,-0.3102256657227558,-1.0,1.04701478674999,-1.8716078642926584,-107.23523152746306,low_opening,1.1394372262566774,0.0,0.4496628919794332
Ramsey,Phi-plus,4,16.02,0.6609908476671469,0.843517881267043,0.06474218421960865,1.025165197221323,0.9604230130017143,0.04690000885083559,0.051253828647529656,1.2416376021312059,0.08494623546340496,0.2416376021312059,-0.915053764536595,0.946420690156504,-1.3126204317973982,-75.20761084463064,high_opening,1.6261200177034076,0.2592910296820917,0.4221644645815082
Ramsey,Phi-plus,5,20.02,0.7711798272351946,0.93676991425145,0.06474218421960865,1.025165197221323,0.9604230130017143,0.019744439287215282,0.051253828647529656,1.4710968676347722,0.6147714266772746,0.4710968676347722,-0.3852285733227254,0.6085501724587353,-0.6854569396657919,-39.27378968080338,high_opening,1.8184756821368717,0.6933283399232864,0.3561505712246233
Ramsey,Phi-plus,6,24.02,0.8189463619648691,0.9798109402645281,0.06474218421960865,1.025165197221323,0.9604230130017143,0.020088951662583024,0.051253828647529656,1.5705666514342764,0.6080497361331996,0.5705666514342764,-0.39195026386680043,0.6922220114054288,-0.6019131832360635,-34.487085032711015,high_opening,1.907258573958952,0.8820243754342277,0.434077819835903
Ramsey,Phi-plus,7,28.02,0.9318914405358588,0.9892014260357007,0.06474218421960865,1.025165197221323,0.9604230130017143,0.025777354407056724,0.051253828647529656,1.8057652608844814,0.49706480301546907,0.8057652608844814,-0.5029351969845309,0.9498428649066671,-0.5580028586586332,-31.971208757374686,high_opening,1.9266288018463047,0.8988357646112473,0.4195567912874568
Ramsey,Phi-plus,8,32.02,1.025165197221323,1.0247710226497921,0.06474218421960865,1.025165197221323,0.9604230130017143,0.00038019808084203965,0.051253828647529656,2.0,0.9925820550215547,1.0,-0.007417944978445279,1.0000275125753808,-0.007417808923218611,-0.4250091445349081,high_opening,2.0,0.9827654847187048,0.00981657030284988
Ramsey,Phi-plus,9,36.02,0.9349330251825952,0.9968609039523724,0.06474218421960865,1.025165197221323,0.9604230130017143,-0.007399046231791329,0.051253828647529656,1.8120991046295,1.1443608492679493,0.8120991046295001,0.14436084926794934,0.8248302919639889,0.17592491379225533,10.079755071499077,high_closing,1.942428392661887,1.0766930086753352,0.1468491061242673
Ramsey,Phi-plus,10,40.02,0.9659728273669923,0.9906866056108412,0.06474218421960865,1.025165197221323,0.9604230130017143,0.022918947323989802,0.051253828647529656,1.8767368772863318,0.5528344334702797,0.8767368772863318,-0.4471655665297203,0.9841872768348684,-0.4716425042739803,-27.023124933879963,high_opening,1.9296923565467896,0.9788779011313394,0.42932192946594894
Ramsey,Phi-minus,0,0.02,0.02797226131096786,0.03437760785423105,0.02797226131096786,1.0252930764106147,0.9973208150996469,0.05375493093253236,0.05375493093253236,0.0,0.0,-1.0,-1.0,1.4142135623730951,-2.356194490192345,-135.0,low_opening,0.0,0.0,0.0
Ramsey,Phi-minus,1,4.02,0.1831967629793123,0.24898614769711314,0.02797226131096786,1.0252930764106147,0.9973208150996469,0.023857319901639876,0.05375493093253236,0.3112829880179233,0.556183600503866,-0.6887170119820767,-0.44381639949613405,0.8193315074225035,-2.5691569004053187,-147.20184730013713,low_opening,0.4333277073568292,0.3739088990085375,0.2193603891401622
Ramsey,Phi-minus,2,8.02,0.21883082052408687,0.3648990575084978,0.02797226131096786,1.0252930764106147,0.9973208150996469,0.028309927692659928,0.05375493093253236,0.382742556504347,0.4733519846171578,-0.617257443495653,-0.5266480153828422,0.8113968718558605,-2.43524003850953,-139.52897630787214,low_opening,0.6673737313333171,0.3076086448751417,0.3293717661751795
Ramsey,Phi-minus,3,12.02,0.40967618452059174,0.614508344165884,0.02797226131096786,1.0252930764106147,0.9973208150996469,0.04910587881920832,0.05375493093253236,0.7654586516806753,0.08648605872378579,-0.23454134831932472,-0.9135139412762142,0.9431422824672051,-1.8221143254345682,-104.39946063772774,low_opening,1.171373339183993,0.16519671341763364,0.4134756349450958
Ramsey,Phi-minus,4,16.02,0.6116778510777534,0.8056023226090707,0.02797226131096786,1.0252930764106147,0.9973208150996469,0.03856004968855477,0.05375493093253236,1.1705472921638858,0.28266953338752576,0.17054729216388576,-0.7173304666124742,0.7373258283790849,-1.3373772837896996,-76.62607397781956,high_opening,1.5572215241122587,0.43795083095604637,0.4166884243981677
Ramsey,Phi-minus,5,20.02,0.7181565820290299,0.9112212439902129,0.02797226131096786,1.0252930764106147,0.9973208150996469,0.03202877417133548,0.05375493093253236,1.3840768392046496,0.4041704897447512,0.38407683920464963,-0.5958295102552488,0.708891968994179,-0.9982205208224048,-57.193822866474704,high_opening,1.770482399420849,0.6721202755092204,0.47021946435384804
Ramsey,Phi-minus,6,24.02,0.8679080444484373,0.9786941964263475,0.02797226131096786,1.0252930764106147,0.9973208150996469,0.027071240836862007,0.05375493093253236,1.684384343374098,0.49639520752358457,0.6843843433740979,-0.5036047924764154,0.849705664604402,-0.6343839760161202,-36.347524416452124,high_opening,1.9067206861598207,0.8416783372567191,0.4106749188855329
Ramsey,Phi-minus,7,28.02,0.9347265087239259,0.9948012619759607,0.02797226131096786,1.0252930764106147,0.9973208150996469,0.008566022920913074,0.05375493093253236,1.8183802717932045,0.8406467504969124,0.8183802717932045,-0.1593532495030876,0.8337503987330456,-0.1923114517358112,-11.018634536495812,high_opening,1.9392433331708387,1.0014506921179918,0.20116109774618274
Ramsey,Phi-minus,8,32.02,0.9364362278157418,0.9779283576193729,0.02797226131096786,1.0252930764106147,0.9973208150996469,0.005366263699641022,0.05375493093253236,1.821808895894758,0.9001716938976966,0.821808895894758,-0.09982830610230342,0.8278499574627134,-0.12088161821084281,-6.926006544193046,high_opening,1.9051743396133405,0.9430016396485308,0.09372407086450919
Ramsey,Phi-minus,9,36.02,0.9776566183210541,1.0248914208385458,0.02797226131096786,1.0252930764106147,0.9973208150996469,0.011107106074359122,0.05375493093253236,1.904471144353282,0.7933751214693288,0.904471144353282,-0.20662487853067124,0.9277725429196265,-0.22459413250858212,-12.868295896143715,high_opening,2.0,0.9468767050197188,0.18079960844440135
Ramsey,Phi-minus,10,40.02,1.0252930764106147,1.0059728202215226,0.02797226131096786,1.0252930764106147,0.9973208150996469,0.012711122970421207,0.05375493093253236,2.0,0.763535684077524,1.0,-0.23646431592247596,1.0275774290556818,-0.2321991883571508,-13.304033499227986,high_opening,1.961800430505813,1.1964697253184002,0.4346160272869581
Ramsey,Psi-plus,0,0.02,0.07564352248769868,0.08585606312846306,0.07564352248769868,1.1246217985524343,1.0489782760647355,0.008034664092511249,0.0425169384745229,0.0,0.8110243968453702,-1.0,-0.1889756031546298,1.017699257436919,-2.954819597129729,-169.29869213807967,low_opening,0.0,0.7765590719980672,0.034465324847303025
Ramsey,Psi-plus,1,4.02,0.12811841411952973,0.172505307536444,0.07564352248769868,1.1246217985524343,1.0489782760647355,0.018202781723404296,0.0425169384745229,0.10004952977423276,0.5718698858265203,-0.8999504702257672,-0.4281301141734797,0.9965973326884717,-2.69755188223128,-154.5583378694236,low_opening,0.16858293689498138,0.546402501213294,0.07311234896114523
Ramsey,Psi-plus,2,8.02,0.22126577627493305,0.3180666968536192,0.07564352248769868,1.1246217985524343,1.0489782760647355,0.0425169384745229,0.0425169384745229,0.27764589050125876,0.0,-0.7223541094987412,-1.0,1.2336107406754042,-2.1963680380334716,-125.842618836747,low_opening,0.45178409666577507,0.0,0.1741382061645163
Ramsey,Psi-plus,3,12.02,0.4682539219157129,0.6844363352565681,0.07564352248769868,1.1246217985524343,1.0489782760647355,0.04009285315494866,0.0425169384745229,0.7485577316260553,0.057014578343330125,-0.2514422683739447,-0.9429854216566699,0.9759327434726442,-1.831378411622068,-104.93025367731693,low_opening,1.1645851147602,0.1901357809108687,0.43680663695790156
Ramsey,Psi-plus,4,16.02,0.5420086015145223,0.732661318845674,0.07564352248769868,1.1246217985524343,1.0489782760647355,0.0256513648512897,0.0425169384745229,0.8891796706723084,0.39667892911290936,-0.11082032932769159,-0.6033210708870906,0.6134145906062587,-1.7524551861769535,-100.40828595375235,low_opening,1.2584106226536647,0.6445034404896421,0.4446891997116356
Ramsey,Psi-plus,5,20.02,0.6734648407260305,0.8664260543176738,0.07564352248769868,1.1246217985524343,1.0489782760647355,0.03622536313439635,0.0425169384745229,1.1398163944463584,0.14797808981228977,0.1398163944463584,-0.8520219101877102,0.8634176044046671,-1.4081464396493624,-80.68084792828175,high_opening,1.5186604622561088,0.5901347370357263,0.5822588156468816
Ramsey,Psi-plus,6,24.02,0.8318115065896932,0.9424840641417536,0.07564352248769868,1.1246217985524343,1.0489782760647355,0.03897373820567808,0.0425169384745229,1.4417228675864955,0.08333620425111232,0.4417228675864955,-0.9166637957488877,1.0175419432070576,-1.1217487017904757,-64.27146628687343,high_opening,1.6666373171973818,0.6676266198088232,0.6260844985753683
Ramsey,Psi-plus,7,28.02,0.9852547463714552,1.0365783004257545,0.07564352248769868,1.1246217985524343,1.0489782760647355,0.017347971729450545,0.0425169384745229,1.734280384330136,0.591975049194903,0.734280384330136,-0.40802495080509704,0.8400309775785141,-0.5071936216375357,-29.060053915785943,high_opening,1.8497050727909452,0.8367292086590495,0.2706057229277972
Ramsey,Psi-plus,8,32.02,0.9705952804252974,1.0260674481496042,0.07564352248769868,1.1246217985524343,1.0489782760647355,0.013874914563109991,0.0425169384745229,1.7063303947437871,0.6736614850238064,0.7063303947437871,-0.3263385149761936,0.7780741949812894,-0.4328043820888994,-24.797864448461414,high_opening,1.8292553809547458,0.9458221537914342,0.2986335243387902
Ramsey,Psi-plus,9,36.02,1.096254062876335,1.0643136209149684,0.07564352248769868,1.1246217985524343,1.0489782760647355,0.019253314765892107,0.0425169384745229,1.9459135878723417,0.5471613089585665,0.9459135878723417,-0.4528386910414335,1.048720837890449,-0.4464885513615876,-25.581909593929055,high_opening,1.9036663256067237,0.8285700344438809,0.2845622988876231
Ramsey,Psi-plus,10,40.02,1.1246217985524343,1.1138277665987737,0.07564352248769868,1.1246217985524343,1.0489782760647355,-0.0050694469278425025,0.0425169384745229,2.0,1.11923358336067,1.0,0.11923358336066991,1.0070832375732535,0.11867332074774972,6.799480419648366,high_closing,2.0,0.7845485850364371,0.3346849983242328
Ramsey,Psi-minus,0,0.02,0.08279073602464193,0.08486503505731169,0.08279073602464193,1.0932588098470453,1.0104680738224032,-0.0015074624039793025,0.05000968260342163,0.0,1.0301434107457454,-1.0,0.030143410745745447,1.00045420945258,3.111458367557651,178.2734325917182,low_closing,0.0,0.9091943106307461,0.12094910011499937
Ramsey,Psi-minus,1,4.02,0.12665916839629132,0.1629465922934059,0.08279073602464193,1.0932588098470453,1.0104680738224032,0.02344167858980401,0.05000968260342163,0.08682794342171284,0.5312572012164671,-0.9131720565782872,-0.46874279878353287,1.0264516629276015,-2.6673517065430064,-152.82799526193196,low_opening,0.15180376668786622,0.5195943760459578,0.06601423407169293
Ramsey,Psi-minus,2,8.02,0.2703241647430741,0.3475406393276257,0.08279073602464193,1.0932588098470453,1.0104680738224032,0.05000968260342163,0.05000968260342163,0.37118130414359324,0.0,-0.6288186958564068,-1.0,1.181275984797182,-2.1321369589071315,-122.16244908923687,low_opening,0.5106858463987218,0.0,0.1395045422551286
Ramsey,Psi-minus,3,12.02,0.5267366292236644,0.7097253791617353,0.08279073602464193,1.0932588098470453,1.0104680738224032,0.034418135845558445,0.05000968260342163,0.8786935573722026,0.31177056014341553,-0.12130644262779744,-0.6882294398565845,0.6988383324548811,-1.7452630523376595,-99.9962070390676,low_opening,1.214834299501896,0.2653521469899751,0.3393306169492881
Ramsey,Psi-minus,4,16.02,0.5456692515075416,0.7492305011718698,0.08279073602464193,1.0932588098470453,1.0104680738224032,0.03273303269578877,0.05000968260342163,0.9161665320744291,0.34546609792822014,-0.08383346792557089,-0.6545339020717799,0.6598808068929859,-1.6981839293127639,-97.29877198656389,low_opening,1.2916389450146515,0.5033545262160236,0.4073184118921532
Ramsey,Psi-minus,5,20.02,0.7886008907899745,0.9812805888209846,0.08279073602464193,1.0932588098470453,1.0104680738224032,0.04466802163615145,0.05000968260342163,1.3969964475876824,0.10681253487709008,0.3969964475876824,-0.8931874651229099,0.9774405492151065,-1.1525493343706745,-66.03621254005196,high_opening,1.7427836021181524,0.4958106583425629,0.5204693038959535
Ramsey,Psi-minus,6,24.02,0.9030134245967533,1.024910537755265,0.08279073602464193,1.0932588098470453,1.0104680738224032,0.02960922367453246,0.05000968260342163,1.6234509725168638,0.40793018205425247,0.6234509725168638,-0.5920698179457475,0.8597893837763606,-0.7595868522700849,-43.521120808703024,high_opening,1.8276076095159117,0.7580347977391108,0.4052815988354312
Ramsey,Psi-minus,7,28.02,1.0254746801862342,1.1135820285775435,0.08279073602464193,1.0932588098470453,1.0104680738224032,0.018612499967229315,0.05000968260342163,1.8658361774768464,0.6278220736806703,0.8658361774768464,-0.37217792631932967,0.9424376345769906,-0.4059697480537645,-23.260353173470072,high_opening,2.0,0.9306958287608338,0.3312588757910995
Ramsey,Psi-minus,8,32.02,1.0519134243345878,1.062804588430331,0.08279073602464193,1.0932588098470453,1.0104680738224032,0.00847301620760138,0.05000968260342163,1.91816587464054,0.8305724858365395,0.9181658746405399,-0.16942751416346047,0.9336671012250766,-0.18247555973775087,-10.455079437260455,high_opening,1.901280059594517,1.136766094276551,0.30665886029802486
Ramsey,Psi-minus,9,36.02,1.0932588098470453,1.0388012294642914,0.08279073602464193,1.0932588098470453,1.0104680738224032,0.0005746882927651631,0.05000968260342163,2.0,0.988508459505283,1.0,-0.011491540494717012,1.0000660255717828,-0.011491034694406101,-0.6583877902278713,high_opening,1.8546134659303042,1.0291959995119018,0.15097258095624194
Ramsey,Psi-minus,10,40.02,1.056510930676709,1.046840835235805,0.08279073602464193,1.0932588098470453,1.0104680738224032,-0.018948627877933277,0.05000968260342163,1.9272656304096258,1.3788991829481603,0.9272656304096258,0.3788991829481603,1.0016916392671669,0.387915161938739,22.225901588223614,high_closing,1.8702438206773417,0.9119896794895803,0.47037854033223336
Hahn,Phi-plus,0,1.0,0.12700750363826896,0.15570079597305275,0.119517938330719,1.1559494606295055,1.0364315222987865,0.02686092463681365,0.02686092463681365,0.01445260038200737,0.0,-0.9855473996179926,-1.0,1.4040312236178323,-2.3489157190340695,-134.58295713258929,low_opening,0.042226088732372824,0.0,0.027773488350365454
Hahn,Phi-plus,1,1.99,0.14429109428282372,0.17459630513845092,0.119517938330719,1.1559494606295055,1.0364315222987865,0.008055420099660635,0.02686092463681365,0.04780471342121726,0.7001063735304013,-0.9521952865787827,-0.2998936264695987,0.9983045882795176,-2.8364775828207334,-162.51819417909743,low_opening,0.07891811708759965,0.7333009501246821,0.04549641527616031
Hahn,Phi-plus,2,3.98,0.12270942143388597,0.14639215392961824,0.119517938330719,1.1559494606295055,1.0364315222987865,-0.007487436187489387,0.02686092463681365,0.006158599067091895,1.278748266812366,-0.9938414009329081,0.278748266812366,1.0321924851786042,2.8681429779063228,164.332487674116,low_closing,0.024150208648029074,1.3478653001857368,0.0714203214613917
Hahn,Phi-plus,3,7.94,0.119517938330719,0.13395537925918477,0.119517938330719,1.1559494606295055,1.0364315222987865,0.001238506692944348,0.02686092463681365,0.0,0.9538918816202276,-1.0,-0.046108118379772356,1.0010624149275225,-3.095517168244203,-177.36006915068083,low_opening,0.0,0.9871004929314731,0.03320861131124542
Hahn,Phi-plus,4,15.85,0.1616166788572262,0.19279383774306091,0.119517938330719,1.1559494606295055,1.0364315222987865,0.006847946660180631,0.02686092463681365,0.08123786206952283,0.7450591611133398,-0.9187621379304771,-0.2549408388866602,0.9534771614605224,-2.8709195217488,-164.49157191792298,low_opening,0.11425478764137481,0.724630065316015,0.03882609083224174
Hahn,Phi-plus,5,31.62,0.317578204296172,0.35069734287712917,0.119517938330719,1.1559494606295055,1.0364315222987865,0.007632299837794423,0.02686092463681365,0.38219653050721364,0.7158586332752619,-0.6178034694927863,-0.2841413667247381,0.6800128257625192,-2.71051834666434,-155.30126155664445,low_opening,0.4208779030628241,0.7116905642314435,0.038905287331415114
Hahn,Phi-plus,6,63.09,0.41599743980062776,0.5409401147905468,0.119517938330719,1.1559494606295055,1.0364315222987865,0.002562038126651189,0.02686092463681365,0.572115948021964,0.9046183941434449,-0.42788405197803603,-0.09538160585655509,0.43838614562154893,-2.9222640013092867,-167.4333938980346,low_opening,0.7902986537990202,0.8544556704651453,0.22387494711785624
Hahn,Phi-plus,7,125.89,0.5060421012970013,0.6084602045925899,0.119517938330719,1.1559494606295055,1.0364315222987865,0.0016306111981613863,0.02686092463681365,0.745874965495026,0.9392943012867626,-0.25412503450497403,-0.06070569871323739,0.26127517107145215,-2.907105787438968,-166.56489221830867,low_opening,0.9214117679193202,0.9476284429622783,0.17573453537313968
Hahn,Phi-plus,8,251.19,0.7595527186169281,0.9319874976425706,0.119517938330719,1.1559494606295055,1.0364315222987865,0.0018556280728912146,0.02686092463681365,1.23507393689961,0.9309171929864237,0.23507393689960998,-0.06908280701357628,0.2450146731001163,-0.2858298760436752,-16.376845556050068,high_opening,1.5496495415813205,0.9326481186851989,0.314580366781906
Hahn,Phi-plus,9,501.18,1.139847950414003,1.1639071160487093,0.119517938330719,1.1559494606295055,1.0364315222987865,0.0010241520548288114,0.02686092463681365,1.9689289453879413,0.9618720476425751,0.9689289453879413,-0.038127952357424943,0.9696788344403308,-0.039330325295973925,-2.2534616463359263,high_opening,2.0,0.9801981070711536,0.036072910734862094
Hahn,Phi-plus,10,1000.0,1.1559494606295055,1.1321476716324497,0.119517938330719,1.1559494606295055,1.0364315222987865,-0.0009595936561459088,0.02686092463681365,2.0,1.035724520623194,1.0,0.03572452062319398,1.0006379172176902,0.03570933454639969,2.0459941587294104,high_closing,1.9383282861092939,1.0240274023932223,0.06277119458081909
Hahn,Phi-minus,0,1.0,0.09172629306298696,0.13514130622185005,0.0744935583548566,1.0541699892036591,0.9796764308488025,0.04757338233076167,0.04757338233076167,0.035180461967835086,0.0,-0.9648195380321649,-1.0,1.3895599090966175,-2.3382912159011098,-133.97421794364715,low_opening,0.11382566310088578,0.0,0.0786452011330507
Hahn,Phi-minus,1,1.99,0.12180561037195137,0.15611200667037295,0.0744935583548566,1.0541699892036591,0.9796764308488025,0.013192915263105816,0.04757338233076167,0.09658709861194288,0.7226828403458907,-0.9034129013880571,-0.2773171596541093,0.9450183476700387,-2.843757232979077,-162.93528740950228,low_opening,0.15514946802549986,0.8975268806743215,0.18439086080850065
Hahn,Phi-minus,2,3.98,0.07929684122299463,0.09496736835773789,0.0744935583548566,1.0541699892036591,0.9796764308488025,-0.009841218850122459,0.04757338233076167,0.0098058557231522,1.2068639724142334,-0.9901941442768478,0.20686397241423338,1.01157162200368,2.9356422167521528,168.19990918032758,low_closing,0.03466092678579178,1.3730172180762528,0.16800201070687287
Hahn,Phi-minus,3,7.94,0.13110530696339895,0.16737610878114983,0.0744935583548566,1.0541699892036591,0.9796764308488025,0.006330618601038748,0.04757338233076167,0.11557233965400862,0.866929398523231,-0.8844276603459914,-0.13307060147676897,0.8943825084171052,-2.9922532835146125,-171.44348437954986,low_opening,0.17734593968934761,0.7816889477909197,0.10527066116622252
Hahn,Phi-minus,4,15.85,0.0744935583548566,0.07737789627937963,0.0744935583548566,1.0541699892036591,0.9796764308488025,-0.0035736690044638943,0.04757338233076167,0.0,1.075119086122937,-1.0,0.07511908612293694,1.0028174694828293,3.0666143869209392,175.70406176466827,low_closing,0.0,1.1629594515305643,0.08784036540762741
Hahn,Phi-minus,5,31.62,0.13079737468467167,0.13946355406747735,0.0744935583548566,1.0541699892036591,0.9796764308488025,0.0046192650619867595,0.04757338233076167,0.11494369887215276,0.9029023198335875,-0.8850563011278473,-0.09709768016641251,0.8903665625234394,-3.0323217304318804,-173.73923727955327,low_opening,0.12234286677021369,0.8609594388821337,0.04259052650639016
Hahn,Phi-minus,6,63.09,0.3420402399766309,0.39590375260799227,0.0744935583548566,1.0541699892036591,0.9796764308488025,0.005770984410612412,0.04757338233076167,0.5461939742491689,0.878692997473068,-0.45380602575083107,-0.12130700252693205,0.46973960645216306,-2.880389501681487,-165.03416180013954,low_opening,0.6276709918526531,0.8054203940792178,0.10957818581118652
Hahn,Phi-minus,7,125.89,0.586464788457719,0.7813103736589183,0.0744935583548566,1.0541699892036591,0.9796764308488025,0.003135243316078371,0.04757338233076167,1.0451843363411015,0.9340966909966568,0.04518433634110153,-0.06590330900334318,0.07990538397489823,-0.9697897033687084,-55.56485701827103,high_opening,1.387133846422441,0.8801443623623924,0.34617960831037947
Hahn,Phi-minus,8,251.19,0.7900928591486263,0.9755755086435187,0.0744935583548566,1.0541699892036591,0.9796764308488025,0.0014352249396265108,0.04757338233076167,1.460889081865053,0.9698313454013449,0.46088908186505306,-0.030168654598655142,0.4618754090690525,-0.06536426761847243,-3.745096665502103,high_opening,1.7699429262366015,0.9700628615570052,0.309053931087381
Hahn,Phi-minus,9,501.18,1.0541699892036591,1.0636610206021833,0.0744935583548566,1.0541699892036591,0.9796764308488025,0.0006689238718972692,0.04757338233076167,2.0,0.9859391147081688,1.0,-0.014060885291831249,1.0000988493619969,-0.014059958749582567,-0.8055762964791154,high_opening,1.943519794677398,0.9933925826493973,0.05696988483079626
Hahn,Phi-minus,10,1000.0,1.0022267651626648,1.0923231795987247,0.0744935583548566,1.0541699892036591,0.9796764308488025,-0.0008771882720455949,0.04757338233076167,1.8939584082961145,1.0184386358309947,0.8939584082961145,0.0184386358309947,0.8941485441774374,0.020622907704967237,1.1816055727824495,high_closing,2.0,1.0036168381401203,0.10707242809371033
Hahn,Psi-plus,0,1.0,0.13574905704455842,0.17643217854435522,0.07871947757244746,1.263239234327661,1.1845197567552135,0.08952348196627948,0.08952348196627948,0.09629147871426579,0.0,-0.9037085212857342,-1.0,1.347846093381751,-2.305656561254942,-132.10438996655475,low_opening,0.14813393165269748,0.0,0.05184245293843169
Hahn,Psi-plus,1,1.99,0.1886395282382265,0.27752482937343426,0.07871947757244746,1.263239234327661,1.1845197567552135,0.01732595478860558,0.08952348196627948,0.18559428838381886,0.8064646905140297,-0.8144057116161811,-0.1935353094859703,0.837085765696018,-2.908280406518276,-166.63219293408855,low_opening,0.33078100283662715,0.7741568109307453,0.14873796131710726
Hahn,Psi-plus,2,3.98,0.07871947757244746,0.09444207746343292,0.07871947757244746,1.263239234327661,1.1845197567552135,-0.029744637431433674,0.08952348196627948,0.0,1.3322551444395057,-1.0,0.33225514443950566,1.0537520965609115,2.820812782866933,161.62066725482796,low_closing,0.0,1.3077148117835902,0.024540332655915487
Hahn,Psi-plus,3,7.94,0.1618094004716658,0.21243390905627857,0.07871947757244746,1.263239234327661,1.1845197567552135,0.01662833528933454,0.08952348196627948,0.14029301313948328,0.8142572772627646,-0.8597069868605167,-0.18574272273723536,0.8795433259974349,-2.928809736897481,-167.80843692104673,low_opening,0.2131793190436517,0.9004830448683201,0.112903926360084
Hahn,Psi-plus,4,15.85,0.22454672078671267,0.1347626631151193,0.07871947757244746,1.263239234327661,1.1845197567552135,0.006549290499708389,0.08952348196627948,0.24622171539583884,0.9268427639781115,-0.7537782846041612,-0.0731572360218885,0.7573200667638184,-3.044841625089397,-174.45657440337737,low_opening,0.0728483902371164,1.0093979861938607,0.19202519259639822
Hahn,Psi-plus,5,31.62,0.2843752858390257,0.3695687104722627,0.07871947757244746,1.263239234327661,1.1845197567552135,0.003745787443873793,0.08952348196627948,0.3472391356813443,0.9581586041829259,-0.6527608643186558,-0.041841395817074134,0.6541004879909199,-3.0775811075283728,-176.33240857057334,low_opening,0.49707939510578186,0.9393671689487095,0.15101397744097894
Hahn,Psi-plus,6,63.09,0.399238663058732,0.386783644309743,0.07871947757244746,1.263239234327661,1.1845197567552135,0.0036669868539310102,0.08952348196627948,0.5411799738390034,0.959038826759305,-0.4588200261609966,-0.04096117324069504,0.46064480255358553,-3.0525536672028464,-174.89844186790515,low_opening,0.5281821233481842,0.9865394620028581,0.03041757807881241
Hahn,Psi-plus,7,125.89,0.6316626939888021,0.7400995638787876,0.07871947757244746,1.263239234327661,1.1845197567552135,0.003133772825102909,0.08952348196627948,0.9336158612179619,0.9649949627039385,-0.06638413878203808,-0.035005037296061525,0.07504802807490381,-2.6563362957060135,-152.1968587113696,low_opening,1.1665284065122257,0.9730440074190362,0.23305158415311858
Hahn,Psi-plus,8,251.19,0.882511922117323,1.0190257638251676,0.07871947757244746,1.263239234327661,1.1845197567552135,0.0016165289382417522,0.08952348196627948,1.3571617357345318,0.9819429617488443,0.3571617357345318,-0.018057038251155677,0.3576178995846087,-0.05051402576975812,-2.89424048282222,high_opening,1.6704725911671923,0.9906752710829343,0.31343252121988185
Hahn,Psi-plus,9,501.18,1.0943747607065284,1.0719455466220058,0.07871947757244746,1.263239234327661,1.1845197567552135,0.0006775699807173518,0.08952348196627948,1.7148811192753635,0.9924313714588027,0.7148811192753635,-0.007568628541197331,0.71492118365201,-0.010586859223232666,-0.6065823517903808,high_opening,1.7660843221512204,0.9986334671926568,0.051577456085367866
Hahn,Psi-plus,10,1000.0,1.263239234327661,1.2014146686338272,0.07871947757244746,1.263239234327661,1.1845197567552135,-5.142346721533075e-07,0.08952348196627948,2.0,1.0000057441317167,1.0,5.744131716722833e-06,1.0000000000164975,5.7441317166596575e-06,0.0003291145043318348,high_closing,2.0,0.9982507091303552,0.001755035001361538
Hahn,Psi-minus,0,1.0,0.09961046095101034,0.12148743166091602,0.04060362242093285,1.1449620982620292,1.1043584758410963,0.06370052996356232,0.06370052996356232,0.10686174792136581,0.0,-0.8931382520786342,-1.0,1.3407818380803336,-2.2998074470397465,-131.76926040813407,low_opening,0.1402017351147895,0.0,0.033339987193423695
Hahn,Psi-minus,1,1.99,0.14740688326600093,0.19502838724507665,0.04060362242093285,1.1449620982620292,1.1043584758410963,0.032857898955610636,0.06370052996356232,0.19342136304740196,0.48418170187271825,-0.806578636952598,-0.5158182981272817,0.9574119355174324,-2.5726243456571942,-147.4005172787623,low_opening,0.27331151232764817,0.49686683816920374,0.08089096757290296
Hahn,Psi-minus,2,3.98,0.151107282463126,0.1957673265518256,0.04060362242093285,1.1449620982620292,1.1043584758410963,-0.008095339700016347,0.06370052996356232,0.20012280877915456,1.1270843383037317,-0.7998771912208454,0.12708433830373167,0.809909840709104,2.9840298082070036,170.97231395149382,low_closing,0.2746489989800022,1.1271612924574441,0.07452622993144559
Hahn,Psi-minus,3,7.94,0.04060362242093285,0.044028286354022894,0.04060362242093285,1.1449620982620292,1.1043584758410963,-0.011556600775628539,0.06370052996356232,0.0,1.1814207948071875,-1.0,0.18142079480718754,1.0163235236815449,2.9621238513107695,169.7171950751441,low_closing,0.0,1.1888305230099891,0.007409728202801613
Hahn,Psi-minus,4,15.85,0.20749547245073963,0.20693481412069925,0.04060362242093285,1.1449620982620292,1.1043584758410963,0.017678894730205317,0.06370052996356232,0.30224216806539994,0.722468639737881,-0.6977578319346001,-0.277531360262119,0.7509258604915773,-2.7630296841237905,-158.30993956965818,low_opening,0.29486224982114717,0.8327868590999942,0.11056478967790413
Hahn,Psi-minus,5,31.62,0.3787673802985744,0.3396714631731388,0.04060362242093285,1.1449620982620292,1.1043584758410963,0.0087741831480364,0.06370052996356232,0.6124166478101069,0.8622588673429347,-0.38758335218989315,-0.13774113265706533,0.41133134395570436,-2.8001289903231337,-160.43557323774408,low_opening,0.5351167534919848,0.9143943356089684,0.093238300675803
Hahn,Psi-minus,6,63.09,0.5238623183486211,0.6087137495355355,0.04060362242093285,1.1449620982620292,1.1043584758410963,0.0027551652506019935,0.06370052996356232,0.8751844740624298,0.9567481581051525,-0.12481552593757017,-0.04325184189484754,0.13209707544972046,-2.8080159365550768,-160.88746197008103,low_opening,1.0220856610084657,0.9469514773178119,0.1472274895547812
Hahn,Psi-minus,7,125.89,0.4643650220522152,0.5236887743380985,0.04060362242093285,1.1449620982620292,1.1043584758410963,0.0003520222499989729,0.06370052996356232,0.7674345041061765,0.9944737940139535,-0.23256549589382347,-0.005526205986046473,0.23263114329973153,-3.117835190210722,-178.63879761644262,low_opening,0.8681897071666953,0.9964184504960684,0.10077396803043831
Hahn,Psi-minus,8,251.19,0.8333331288929106,0.9950209010293273,0.04060362242093285,1.1449620982620292,1.1043584758410963,0.0022298276095016377,0.06370052996356232,1.43563801757074,0.9649951482228306,0.43563801757073994,-0.03500485177716939,0.4370421284051526,-0.0801807997905575,-4.59402142598238,high_opening,1.7213050070533498,0.9729983262521114,0.2857790750538357
Hahn,Psi-minus,9,501.18,1.0342270146871717,1.1171373681895178,0.04060362242093285,1.1449620982620292,1.1043584758410963,0.0006094361520557988,0.06370052996356232,1.7994580817781656,0.990432793064604,0.7994580817781656,-0.009567206935396033,0.7995153256623468,-0.011966543937993554,-0.6856324630048906,high_opening,1.9423368879773357,0.9964919929339365,0.14300722766334764
Hahn,Psi-minus,10,1000.0,1.1449620982620292,1.1489952861343582,0.04060362242093285,1.1449620982620292,1.1043584758410963,-0.00016544800573104184,0.06370052996356232,2.0,1.002597278324461,1.0,0.0025972783244609943,1.000003372921659,0.00259727248419724,0.14881275158996066,high_closing,2.0,1.002215666688933,0.0003816116355279675
