branch,branch_label,exact_half_distance_mean,exact_origin_x_mean,exact_rho_mean,n_events,seed,seed_half_distance_mean,seed_origin_x_mean,seed_rho_mean,time_half_distance_mean,time_origin_x_mean,time_rho_mean,topology_half_distance_mean,topology_origin_x_mean,topology_rho_mean
0,c2,0.7231387390708407,0.1143444812664909,1.2082176421401578,46,0,0.9160204444584922,0.061792870346581305,1.4114442638049853,0.7143888772477881,0.05977932324356854,1.2037516944453304,0.8993805020998934,0.06557762737350498,1.3877791688463068
0,c2,1.0312471103105856,0.07171916190847816,1.5151678661506185,61,1,1.1088158896229139,0.09190380673588316,1.5886765453982439,1.0257760326419003,0.0849259669975206,1.512940276623354,1.359756836634583,0.048407744223368354,1.8375056897444655
0,c2,1.3258644185130237,0.13497383923410478,1.8176457830616735,60,2,0.8494595387821545,0.0878803369414527,1.3439287305608574,1.2933932017775285,0.12374287924874314,1.782933980799936,1.5453249155956383,0.12063958049305559,2.0097511609620224
0,c2,0.7229587555603956,0.0698147646074358,1.2067771498033306,50,3,0.6849878459015818,0.12409087719440341,1.12876218873326,0.6860587262317168,0.04677573618949069,1.168857913232385,0.8019871174015819,0.04935406709468225,1.2701083707092604
0,c2,1.0111134366094356,0.1560117630738829,1.489478051990215,51,4,0.7825019550668272,0.13138268636452266,1.2115498825520823,0.9858343521749903,0.09710458743793424,1.457314093526241,1.2473851477756948,0.05879823527285742,1.7020698312561262
0,c2,0.7575390855946044,0.09848430865782906,1.2526889331036466,55,5,1.015890601572681,0.1617905049411261,1.4582863829953312,0.7368012812559228,0.04930745172017816,1.2368012812559228,0.7250413998362485,0.06320891104723242,1.1981196051816887
0,c2,0.7517773617438566,0.10364982406608761,1.2476555862953718,45,6,0.8223497323119816,0.07507666152792639,1.3023020499442888,0.8123327895766341,0.07357359771661075,1.3115898740737537,0.7339641905123344,0.037722954198963835,1.2081094649617967
0,c2,1.3747849731923942,0.13887160490839817,1.8688757663904885,63,7,0.831765160029747,0.06286666798676656,1.3079439483471835,1.3807945702748186,0.07508943955219335,1.8777358457506332,1.473276564775499,0.04197225913785154,1.946582009474669
0,c2,0.9840712634824345,0.12574535313351903,1.4625440187997572,58,8,1.0653833826476993,0.049409920507709364,1.4932520475238058,1.0464535999911886,0.061363908687908725,1.524638545861738,1.2519580549164293,0.04702160296349983,1.7278573313549197
0,c2,0.6216102078661777,0.15633389431722236,1.0825162501082002,62,9,0.9244321875477127,0.10330302454882447,1.4085828528565103,0.6064366240395095,0.14005514796735952,1.0509901558426633,0.7112427074744204,0.1423905134171007,1.1599970319516804
0,c2,0.6748721995934445,0.10042488498557187,1.1690282208079115,54,10,0.5922224564639004,0.08683984614782396,1.0626493540824147,0.6967634162500469,0.10682626775357036,1.1928461376392694,0.7816841595438583,0.08548604661390763,1.272249535444197
0,c2,0.9518864905861495,0.27604428262981984,1.4492482381207599,56,11,1.033936073014612,0.1111904924375053,1.530080978910636,0.9796032931148283,0.10634917698312937,1.47535878648783,1.1611065592561882,0.09015172115635194,1.65752204769216
0,c2,1.2824173524132711,0.12198395414646168,1.775471741985245,62,12,1.1022582345629048,0.08318159734471149,1.5981929748731596,1.3475990098607826,0.1018893137318931,1.839066148098408,1.538254592452428,0.06592056216076374,2.0192592642344054
0,c2,1.2008884167260916,0.1159934657450692,1.6920997515865868,54,13,1.1658653482224979,0.07835109725348564,1.6658653482224977,1.1710513244902454,0.08553877227537808,1.665970770415361,1.3943272010328773,0.0587805849613182,1.872493560517627
0,c2,1.0889371034174462,0.09010908727213973,1.5788626405001738,58,14,0.7078647745533613,0.09596207562647359,1.1360444941822536,1.097920946739949,0.06451533430117706,1.5905397443342513,1.4753386910578021,0.08007538188921272,1.9640956544086086
0,c2,1.1684409621588,0.09986315696196625,1.6526169674909492,59,15,1.2909540920655045,0.07025109615310692,1.7813689349930841,1.2653793520583583,0.08114387355869569,1.7502321180501716,1.395839822571398,0.05304043761109716,1.8861761210524002
0,c2,1.023763713671585,0.11129211997754421,1.5162714913005584,66,16,1.1333282871956947,0.07106021297555085,1.618039217418916,0.9580840310143368,0.08869726640114095,1.455302849804582,1.0155370253302052,0.08366118590459916,1.5069446594360791
0,c2,0.9694480688200716,0.09772075014808117,1.4261802004134903,94,17,2.1099862250060437,0.09004817728255352,2.606555626142128,1.010013180904983,0.086021362955792,1.4564541587727484,2.7065744226470483,0.06365052347524745,3.1488192994113153
0,c2,0.8669533421981387,0.07180476086294471,1.3619779029395385,58,18,1.0575411610544856,0.07860802533153065,1.5316221118071138,0.8646376219504871,0.060758191597415134,1.3525279129003243,0.9103822747402905,0.05720317468914236,1.3965404034634101
0,c2,0.774677548080455,0.19659161097903657,1.2541708548513124,48,19,0.7640908387559793,0.12330324808054785,1.2507101896917723,0.7683445410079472,0.08832972535211328,1.2467608895399258,0.7657481787826104,0.057164392850912314,1.2465433749402488
0,c2,0.7073950085298506,0.12507683998574654,1.196773213213803,62,20,0.8905741361329507,0.08826393802204015,1.3240516625198422,0.6992572552994696,0.09271588263424835,1.1912083378812557,0.9649662420003854,0.07680724741869434,1.4347032522754044
0,c2,1.2878629802450745,0.08244726477229657,1.7874491561766641,60,21,0.7837076806525013,0.084183154232066,1.2246638532111471,1.2715786314512936,0.06198630048872428,1.77119545042705,1.3018683966648423,0.0525854796692632,1.791472931114282
0,c2,1.3912304520885277,0.11654681072094328,1.8471831733422908,70,22,1.4847625495880796,0.06346978013375933,1.9711698398876878,1.4760826348980174,0.08013657571970739,1.9443272562841867,2.0842484840379103,0.06924673895607286,2.4713383865563623
0,c2,1.1613487327462388,0.13982444564009913,1.661348732746239,45,23,0.9804963290590362,0.11852176262791977,1.4721310559177514,1.2207490285494855,0.0839900029589314,1.720749028549486,1.3080685142913147,0.06875354501761548,1.797273618609958
0,c2,0.7649623150328795,0.07711185330002096,1.2259749094763361,63,24,1.1474215528421496,0.12778664942442416,1.632446516443671,0.7885315674349003,0.0624553423308655,1.2469929841458807,1.068286326987975,0.061806433391110555,1.4395136156461912
0,c2,0.8946438577371052,0.14438840871867728,1.3839062463133123,54,25,0.8620421149345322,0.20106845623262337,1.3069390387890267,0.9095151736937176,0.0727968200289979,1.398035011200711,0.9415098535188418,0.041687995137046394,1.426648162588919
0,c2,0.7865126588087812,0.12119016589853206,1.2600831630200682,52,26,0.8365642097581444,0.09798881445052796,1.3310255841627856,0.7585533637645702,0.09799153990099178,1.2338808812683344,1.0979926232074875,0.05824985164872487,1.51427953002198
0,c2,0.5657409103424746,0.14164826177173004,1.042775770436073,58,27,1.4279461558475446,0.04405042050099215,1.9279461558475446,0.5446697327580743,0.0679993833057649,1.0192316530835972,0.6012086793582924,0.08685484751762927,1.0609206968748752
0,c2,0.9754551063569035,0.0914956093137417,1.474428790669861,66,28,1.226671289915019,0.0785690194793607,1.6604196170208032,1.0145511630180437,0.05849341323159428,1.5128900726399586,1.2592988877014564,0.07564460752826452,1.7550462717668616
0,c2,1.229571139970069,0.16597414077003092,1.6461249930881598,59,29,0.8176225128408947,0.09954622632792227,1.306766112466641,1.2990598726011517,0.14117759571286514,1.721637976128426,1.7816329335620946,0.08156764002107932,2.185921628490804
0,c2,0.7098909093709045,0.1323102747166511,1.1801590943402598,77,30,1.145539024110186,0.11669009510629362,1.6418413024941596,0.6663767940753929,0.14044992343042395,1.1435310447227205,1.0182222998819712,0.08875797388945894,1.4684880415723165
0,c2,0.9030111950754826,0.11259541021136102,1.4030111950754829,55,31,0.7305038181014395,0.13115891661436763,1.2191842370426127,0.8440840845627927,0.09614582255003538,1.340740742218131,0.940092722176411,0.07859284634667513,1.4400927221764113
0,c2,0.8221307260089982,0.10914292376320292,1.273842498821538,45,32,1.1842099895433171,0.06213868262065537,1.6842099895433171,0.7924384711580527,0.08584492193639645,1.2314061441926922,1.198086553157313,0.08266257662722233,1.626819573000923
0,c2,0.6345960423277753,0.2991801789538058,1.1256845988290818,43,33,0.6835358314643716,0.0688547814022125,1.1813047964995977,0.6235643561988906,0.13029035978961917,1.1158000629797042,0.8395726089577982,0.0744821709058881,1.3137970766858325
0,c2,0.6606001488687592,0.11422525818731326,1.1442002578250923,57,34,0.836043798231364,0.11170613031037029,1.307687952515839,0.5749983587452907,0.05373755878641863,1.0586339282708184,0.6306920347354321,0.07240915364302948,1.1148861458520758
0,c2,0.9338738762408889,0.15650004608144696,1.4144867664487462,65,35,1.3581364898271502,0.08678008388278613,1.8581364898271504,1.0366030217861366,0.12800512024949834,1.5258897769233004,0.9472770500470725,0.07453252215133174,1.425542203064741
0,c2,1.0296593925665356,0.09898203722046414,1.5159050578657176,56,36,0.8380143536273648,0.08412169875167443,1.3358548853234433,1.1170354809106056,0.06709603665836363,1.6141945998845646,1.2657673592048775,0.038076051350539535,1.7197018584057828
0,c2,0.9393602008007541,0.09316202480488667,1.4362633692097309,62,37,0.9134187723709841,0.08307996445740894,1.4016357021786687,0.9011638642351016,0.09017958442615182,1.3959769242838855,0.857753356004713,0.07304674987784482,1.3548405499207714
0,c2,0.7888748370608892,0.13340866035614454,1.2767360727593524,40,38,0.5438292376507208,0.09997378207059994,1.0087282041972419,0.8275396891864262,0.07864893512089259,1.311586092292966,0.8730497740200363,0.07754406656295032,1.3681612211145044
0,c2,0.7700806490826447,0.146478275605693,1.2654629783938762,54,39,1.0115190203855107,0.08947070453401605,1.5093440288237994,0.7832085325126265,0.12190646396472812,1.2794741561229495,0.8107558345070636,0.07827608982269238,1.306011320681313
0,c2,0.6930122937436847,0.10460225220236997,1.1741775676294828,63,40,0.9122679934632497,0.14750293485716004,1.3895048995334638,0.7110331119346505,0.07846254674865728,1.182244059173204,0.9000933959546699,0.07159764014287494,1.372314107606048
0,c2,0.8085090122606305,0.14758982884456198,1.266115286532828,61,41,1.0966925319031156,0.14024687968074495,1.5640231755757075,0.8317727064496995,0.11228154257551068,1.2864351844378432,1.2486966900559073,0.07689888443254873,1.6952470366083996
0,c2,1.148277674710006,0.16865410399452016,1.5904934180433306,68,42,1.5644852621984577,0.10985062865841685,2.012452449503158,1.1151373122338457,0.13186960594477848,1.5767246150800815,2.1152027238281508,0.06527545169250087,2.5611729996888246
0,c2,1.0999130248389168,0.0784540401201993,1.5905990065226383,61,43,1.6848612653516064,0.09706327729534302,2.1706219779484677,1.1442602246755351,0.05774792048985797,1.6365227195206966,1.9637546882606718,0.04784390292348451,2.4346037203124533
0,c2,0.7679408874719339,0.10906771856790161,1.2615477420670798,49,44,1.3014498392369966,0.09671051072845054,1.7018259033266987,0.791330766461068,0.07936724698004621,1.2845800086476264,0.8668223285721366,0.07329900264137125,1.3550938673557154
0,c2,0.8531355681665193,0.13329555453531736,1.291465841823957,51,45,1.380126333984457,0.06664310462743743,1.8027123924840731,0.8895588247089016,0.08134921551303705,1.31295701424018,1.3879178032688522,0.05269572985365384,1.7658471993871665
0,c2,0.9459120572157231,0.12151869915245664,1.443780054922029,53,46,0.7472289006358789,0.10138775562895895,1.193921807499717,0.9346477724416958,0.07946783891879022,1.4323878500103802,1.0955986478858717,0.09283675599987684,1.5835360961827492
0,c2,0.800104511517075,0.16251317629117376,1.2993871147042353,46,47,1.1528220780854856,0.12252570170782813,1.6401174029148635,0.8049211794427631,0.08972668971102571,1.2955849246172957,0.715629786913081,0.0994217298668999,1.1897695828718027
0,c2,0.8031412590938355,0.1325402080334067,1.2995672833248328,62,48,1.0573862180936382,0.08378904694424515,1.5389224608410497,0.8324511274188535,0.06048036557726375,1.3286306705623336,0.9020415172120596,0.05871012496649083,1.4020415172120597
0,c2,0.7277387685303419,0.0985331455253532,1.2160050479884692,68,49,0.6875643460933651,0.07518944365191811,1.1609869977192326,0.7483455585647819,0.10740175256711472,1.2397066407446558,0.7348725020957306,0.05938597556900384,1.2201196190721428
0,c2,1.078748653826441,0.08656674257555154,1.5732599466473294,47,50,0.9476533935622832,0.07648668795849921,1.4273801282247998,1.1401463749733933,0.06897878848119743,1.6374281522485041,1.2025234907710334,0.06051272937428563,1.701830864070112
0,c2,0.8640853811423944,0.07793453961886161,1.3415222624903238,52,51,1.0504822146960817,0.1375597176690159,1.5280418627341479,0.9227415719758123,0.0517046070973655,1.3969881584502712,1.1735030480136734,0.07648639451228799,1.5562334273271705
0,c2,0.8821757894943063,0.06690989131380294,1.3705023887375545,53,52,0.910190849452167,0.08775053691037922,1.4016489155165892,0.981315316679259,0.06260608273945624,1.4712416073724992,1.0424742500604693,0.06174218542170974,1.5361115536828955
0,c2,1.0260858413943392,0.09018627109427853,1.505306822671933,73,53,0.9556708504792535,0.10173175123761341,1.39096809027917,0.9928838975850068,0.10154832695000063,1.4644115354730893,1.28274052797694,0.06849159816402005,1.7446103493566436
0,c2,0.7131556904024446,0.1663472821041514,1.2082168048968942,49,54,0.875860227487988,0.0977425156839176,1.2871049349167991,0.6810693926335997,0.07543454497742157,1.1748408495030551,0.7346488920107016,0.09358045592255491,1.2170565245544307
0,c2,0.8909475714297074,0.1315820186780801,1.3903983091680496,66,55,0.5999203393040421,0.10779304698407345,1.077915292281559,0.8746339368731515,0.08729183710836937,1.3685564073142382,0.8174328649975657,0.06754905133460522,1.3017686171143705
0,c2,0.7469592721281818,0.14297814801551187,1.2090973889614287,60,56,0.7710156223025926,0.09712571327652672,1.2294732632410206,0.6949722045367037,0.1357934330711776,1.1510665220140937,0.9185383666877124,0.058548010418113944,1.3908728826850658
0,c2,0.4989966915396587,0.10211227804424909,0.9880624164456036,46,57,0.9948158443717589,0.0713245398335111,1.317433516234763,0.4784352246860052,0.08636529203310299,0.9478130233286022,0.7043246429398087,0.0559604217509648,1.1165640478255339
0,c2,0.7599481214634419,0.15064584963807934,1.222922702715406,57,58,0.8790304678727336,0.07784461639393056,1.3682919410600272,0.8113712272421623,0.09075242796045911,1.260112049100287,1.0820326380911367,0.09067040137495241,1.5321723050431573
0,c2,0.7923160876186297,0.11788189761346775,1.288075847778225,52,59,0.9823898272052831,0.07251006965016131,1.4477686285330755,0.798398469845543,0.07892521160159958,1.2970397591732614,0.8277968054501991,0.06147959425652516,1.3231349713365268
0,c2,0.967111405780423,0.21455407704828153,1.4615666998969654,48,60,0.8070621312539241,0.07728527333402661,1.3053431025762272,1.0046074579071793,0.14601594004553692,1.504607457907179,1.0991338797976493,0.078580278175347,1.5969635002116023
0,c2,0.7277778047737851,0.08778161062253362,1.220188566525162,63,61,0.5349107367176141,0.11935595039006633,0.9908073020911444,0.7338767353048382,0.0400032129324245,1.2206447480066918,1.1917103640913604,0.0551365172725618,1.672941888536518
0,c2,0.754240685130695,0.25132050907187575,1.219341302564573,63,62,0.9605930928109339,0.06388695138315659,1.4331821195679009,0.7951354356975553,0.14592883571846565,1.2640206066726871,1.1683520256499895,0.08176672665086655,1.6259388770159764
0,c2,0.6457941045247562,0.11611589389280058,1.1412499220869452,65,63,0.925325181525457,0.06948619536891033,1.417577180620104,0.6750214529908024,0.0787702809867037,1.1671804345876302,1.0072329417546042,0.06514117577954984,1.494344005827272
0,c2,1.227364578202541,0.08941500483374314,1.727364578202541,46,64,1.2602158027982369,0.05506795777688714,1.7530114523551135,1.2888744103036094,0.07910399867029375,1.7872087923668387,1.2901987689535712,0.05948873821396616,1.7901987689535714
0,c2,1.0354711211825267,0.1294637397442158,1.4964037397069436,61,65,1.2239172505055376,0.08326084326472483,1.7096000416568073,0.989447539030698,0.09958196617305275,1.4613378783965114,1.7016241940786985,0.07777847261813356,2.1231481285097833
0,c2,0.5337209028647679,0.13413341459465755,1.009981699688229,64,66,0.8080485680757398,0.053753130747137466,1.2814745131053975,0.522042313714961,0.13056610377560768,0.9952253821232254,0.5820574325367899,0.08917845228893384,1.0526076136408045
0,c2,1.5106751399578413,0.19070657804970526,2.0072336423484436,45,67,1.0981140866633259,0.08313185915899339,1.5789104812494474,1.5284778965224295,0.10721031809658771,2.0267008006641407,1.7620437160864442,0.08333764870201574,2.252791762865233
0,c2,0.7640120744821802,0.22835570508104866,1.256206294434293,40,68,0.8577217644413209,0.06075678702311254,1.3404454334538085,0.7830123725098121,0.07898562981485943,1.2712583194483191,0.7904879971882011,0.07996165506301622,1.27586834408059
0,c2,0.8075333998722903,0.10972824227688502,1.3069272134353245,56,69,0.9060780420530461,0.07294765761562977,1.3927530084611204,0.7768797635563217,0.07773465224660335,1.276239264679527,0.9052447551671398,0.05791214452684861,1.4038274656225496
0,c2,0.7391835173406196,0.15756495802229942,1.2327742562894557,45,70,1.1188166390254046,0.04716814572003746,1.6158290792984,0.7124874413642855,0.04063172055669962,1.203521961008635,0.6112815304132859,0.054207733305277846,1.1060172860588966
0,c2,1.2190806905636447,0.09541084486329716,1.7092475812782815,55,71,0.9840362852113054,0.06407378204424347,1.4645027131088044,1.3042886376760132,0.14327548187695635,1.7895355630227585,1.8757878471097402,0.056177210211304056,2.348920329371587
0,c2,1.1063228093950954,0.10360182104027356,1.6016665662925167,51,72,0.5876498483693208,0.14813298126563848,1.0400279561254637,1.1868012264886618,0.08507949263789948,1.6827684884722602,1.1396428913038403,0.06533510110360415,1.6332674866132606
0,c2,0.867961087010683,0.07888689002469744,1.3558811626511102,58,73,0.8441737345098981,0.061113547735493,1.3290220682419571,0.9697995945955948,0.07023083521646466,1.4596776468937025,0.9224064135819504,0.06321642717601458,1.3907467170558012
0,c2,0.9356882741338166,0.11691623393819421,1.42023164875964,68,74,1.2590085764438617,0.10896374669068286,1.7565892836372825,0.9454717113450193,0.07723099742065642,1.4291319569648289,1.1629554571709324,0.09390747677688897,1.6499889402607433
0,c2,0.5141080831888506,0.23835236106703922,0.9836733609721323,41,75,1.1579936606154095,0.07816328142302481,1.635811162260872,0.46671484447592615,0.12265906226709306,0.936066785296959,0.48959935101506186,0.04798154158783202,0.9619544774784613
0,c2,0.7527578440056842,0.1308639159899924,1.2513459566796608,57,76,0.9812604533777354,0.05863641087516616,1.4618681481453693,0.7449027415969507,0.0822188939143546,1.2415241678531532,0.7792660484373485,0.08255764517442706,1.275851487078753
0,c2,0.8089723308441599,0.1584733782220874,1.2906376183315915,62,77,1.369976288902045,0.10211558141178868,1.8567076821454351,0.7767452682141356,0.11021099536798108,1.2595497080888716,1.1284230161675237,0.10754723696839891,1.5813325937052356
0,c2,0.798260939976832,0.13984406047384254,1.271169004493351,70,78,1.2641555623936895,0.08785972934134299,1.7535225621995825,0.8086839372886586,0.07312009421761816,1.2840186409617276,1.1316704961077437,0.056652674971701344,1.5651981054478097
0,c2,1.093285996929763,0.08082106533211267,1.5336115709082885,61,79,1.1754290147241786,0.11394946431241336,1.669247531185534,1.1363162824851523,0.05970390640016313,1.5800135406665214,1.4810937369344277,0.03838217822861925,1.8920194073586498
0,c2,1.6729911159701571,0.12889077698766085,2.1578974524181818,61,80,0.7958764907000829,0.10527747040177929,1.2356074905422625,1.5832569859352068,0.10733874153374927,2.0706815318655694,1.7449965987093186,0.08338321402590707,2.1793918151769915
0,c2,1.376176939760789,0.1235429653542168,1.8371750829499405,63,81,1.320336770424457,0.07013995162657617,1.818356642953542,1.3347157117374726,0.0939687715712106,1.7984732139179196,2.1970145679896813,0.06024205517153152,2.6436312068959364
0,c2,1.0584317750439174,0.08826118363696664,1.5280371761424607,68,82,1.6548580549118939,0.1429411374578754,2.1238236232623966,1.0860408077561217,0.07496286833526439,1.5571151683633346,1.7433661395274904,0.05354221234002205,2.1962167466781746
0,c2,0.7236779935410411,0.1098251250069643,1.1424895487256137,75,83,0.7359122517183717,0.08515194558721204,1.202430415981025,0.778551859517037,0.10117214522879486,1.2109027119087397,1.0974437367506786,0.06140602853905875,1.529609991250628
0,c2,0.7879108651499033,0.09300846879830446,1.2806224883572517,61,84,1.4280774865043746,0.05002944830484921,1.925299679865431,0.7782466984430582,0.0623858749951084,1.2685508599026318,1.065655090039981,0.046486670086465655,1.5379191516570216
0,c2,0.908077738910158,0.10227852923411841,1.3824752852173958,54,85,1.4094876499992512,0.07423484801998426,1.8165685214557135,0.8575573280657408,0.06266299713192544,1.335036198749008,1.1116191265022985,0.07709251757397498,1.5895997004671445
0,c2,0.8444267521545217,0.09861702514146976,1.336020249997444,58,86,1.597526444205164,0.08645780087311075,2.095429795472149,0.8566909105752812,0.051568224845891165,1.3496769082104472,1.0818610200186571,0.06512921090814353,1.536993885778503
0,c2,1.0051007130371337,0.08351576189183244,1.4965854374622958,53,87,1.487042008831001,0.07012014037725749,1.8700013167202179,1.021825598898841,0.05048958850298732,1.5110882148585347,1.4942747749237373,0.051834563284226635,1.952535510925001
0,c2,1.2150911032805223,0.190296178168085,1.697537815520342,56,88,1.2266106480823238,0.11093222528533833,1.7219030299249656,1.3136576703495566,0.11662678604668197,1.7887730880981874,1.7101608465023845,0.07320343460976021,2.2032380220910754
0,c2,0.9723542909198969,0.07061090334041853,1.469096893395481,61,89,0.8206555314147482,0.11257880601254198,1.2824804537517984,0.9482671778204029,0.0669007191264475,1.4465328586666606,0.9437761930659126,0.06865331499510995,1.4426192986527042
0,c2,0.62788153115449,0.10636227351796786,1.0920953629238452,66,90,0.6040506995883382,0.10600182275775892,1.083010641079078,0.6336646976322893,0.10422006167354994,1.0915471569482023,1.1943111470124212,0.09306634686667663,1.6194468133354192
0,c2,1.1080476533497192,0.13417722421057035,1.5559050852241676,61,91,1.7240200311871299,0.07162989605058101,2.2104404439487517,1.2900415620381371,0.07444180903659234,1.7415696548840143,1.9310160134243959,0.07297541359706675,2.339704393508529
0,c2,0.5530043951051445,0.1807805140234039,1.0223418393022312,73,92,1.3178019877433207,0.08057312622622703,1.7035165986364373,0.5419037604906983,0.12994811646341178,1.0143270772085085,0.6771892161996487,0.10252615783994695,1.1141752057590126
0,c2,0.8322589786393351,0.12686111044260376,1.322143972351322,55,93,0.978329688111298,0.09196835260423969,1.448821202713711,0.787635736838459,0.18414252570059858,1.2815591764504877,1.1561216850058467,0.061228280942701864,1.6131954214032354
0,c2,0.7454672877117299,0.1259883165699788,1.122975022674187,78,94,2.0604252363617217,0.09180218293895699,2.553743802596391,0.7420303317037137,0.12884779338811025,1.1147640680675976,2.3007324513674487,0.07759668507918459,2.678427448519678
0,c2,0.5204245092964516,0.11918634259636747,1.019463957102217,50,95,1.1031043358473507,0.06787602064733896,1.5068237416264654,0.5097816142468675,0.06932607487025154,1.0076156399204006,0.6077349826745363,0.03971279725548811,1.1077349826745364
0,c2,1.2718984418138277,0.11963448475113903,1.7658970283998086,53,96,0.9060343904507165,0.15525059931533178,1.4054084422377682,1.3465043269398522,0.14820696995519364,1.839158350173208,1.5248254269525876,0.08473428750667668,1.9869655490353755
0,c2,0.7598667618689362,0.11450340285793775,1.259866761868936,63,97,0.6395207295371951,0.08788563125742004,1.1383913597395654,0.7690298544421195,0.08070134888630029,1.2690298544421192,0.788154541946582,0.09026937628385938,1.2881545419465819
0,c2,0.5341106531858248,0.20459938655345467,0.9908031742072538,50,98,1.272958708166142,0.09219624771619485,1.7525485203296647,0.535993082591006,0.07305089947605868,0.9782468127184507,0.8825926035581793,0.07992462938767858,1.3303721506404174
0,c2,0.5580591736044893,0.1145767658790983,1.0386898013687345,54,99,0.960892897476053,0.09985900056909607,1.4371146769276348,0.5513890650204025,0.06973972640256622,1.0398851942601657,0.692075960899156,0.04191524179570175,1.132193425689616
1,c4,0.9573130883699491,0.2777796454508515,1.4271208028632918,51,0,1.5183501504069323,0.1579082512732566,1.9906557607810709,0.9937842766497216,0.21569725216613733,1.46094179977319,1.6290183264541502,0.14970651365686483,2.0797819657925096
1,c4,0.8637741708145268,0.33033790411226127,1.3504032498258638,65,1,1.0652718164319261,0.11891253751916035,1.5470787170477998,0.8876507538870129,0.1844479677681983,1.3743275981948522,1.0042104129111837,0.09937482515726095,1.4939023286170516
1,c4,0.7933527776647528,0.3373587590643277,1.2654583850124619,58,2,1.0531320973657265,0.15777984712106197,1.5477814222416808,0.8810260865436521,0.16075495739670598,1.3667178006618155,1.1381498459050283,0.11171419322504492,1.6072384065388854
1,c4,0.9277080787054905,0.2259396004746668,1.4262528179021157,50,3,1.0378461280808926,0.16968299518813854,1.5221649123947747,0.9014305847303116,0.18412923888833824,1.3960897472911915,1.2027215150413604,0.09077926355829731,1.6797592480970238
1,c4,1.1529670360184388,0.2347899518241976,1.6338613672014812,61,4,0.9926398670671277,0.12962446791571633,1.4504323404645671,1.0535186536552172,0.11231412991659123,1.5348819602029233,1.1516843529813845,0.08843509962443037,1.5901025228732362
1,c4,0.8034216219387018,0.31347494087872446,1.2860343679327404,58,5,1.1132162728883808,0.1300250891133556,1.6120245937508235,0.8517279862319205,0.1963719958657748,1.3259818889516641,1.1069730108639968,0.18775088340395274,1.5791447362987565
1,c4,0.6321329318295531,0.15907598273793516,1.1156345709930982,63,6,0.7965174066063488,0.09125523589896797,1.2274713682516918,0.5875679681250816,0.13734068073998124,1.0767450928022315,0.6347931827639545,0.07051592712366347,1.1154754119667594
1,c4,0.6316708532213132,0.16685636850268595,1.106570808706181,61,7,1.1556933089374788,0.1286110469253882,1.6089691189130209,0.6094272069016662,0.11342207148064282,1.0878306639746076,0.653840121321659,0.08473850305399239,1.1092099920156229
1,c4,1.222522296801547,0.18111477504696763,1.7016434820542066,57,8,0.874891652861131,0.13209285010102662,1.325308314659846,1.1576031539448106,0.13879433300352725,1.6286571737068025,1.500715812055943,0.06433683407151859,1.9807127952419834
1,c4,1.2570816965795912,0.30808879926415356,1.751036255821648,58,9,1.4825569004834773,0.23024017430968038,1.9813587319411983,1.4506168115375582,0.11555303077137687,1.9349107222042452,1.7217345245282478,0.154913469910439,2.197474122896862
1,c4,1.1421359385592262,0.25204178400454114,1.6238086875321542,60,10,1.458002764602889,0.15145765447496987,1.9270654866824983,1.13826568008636,0.19339831594002785,1.618078146154349,1.1235517342037094,0.10325200679314245,1.5978168758430087
1,c4,1.3322580770358379,0.283019330436738,1.8114003703194288,56,11,1.6134778115137343,0.1356480341335275,2.0960125565460532,1.4905220978492995,0.2024458289183363,1.9696545699577201,2.067783052257354,0.06137123630092641,2.5470389796334487
1,c4,0.9152235888288806,0.23119688273758673,1.4006681632305245,61,12,0.9500630903758802,0.18381501837419428,1.4263435771829331,1.1094634528113327,0.2285752947045694,1.601376441740871,1.1069774872302607,0.11943780083150114,1.5930623590167048
1,c4,1.087373082777281,0.20503297187663164,1.5617723588714028,69,13,1.125529789890317,0.12118391542072271,1.6179855503874556,0.9998318740555067,0.20615670333219377,1.4747272142567502,1.4620378624162371,0.12404789487134069,1.9359722346645045
1,c4,0.837851412141625,0.21421763839187205,1.3283179894000294,45,14,0.8014085189963008,0.12146509633090491,1.271143549027792,0.9096110938424483,0.11809572206262105,1.398395519250252,0.9797207325486762,0.06514699660765473,1.4763665726758293
1,c4,0.6570830539150812,0.21831771409345316,1.149117229202406,57,15,0.6153394011625579,0.1870990694629002,1.083864802343933,0.7518475816401261,0.12398745043202115,1.2429743747107405,0.8323732215260393,0.11874893028735849,1.3210277278191103
1,c4,1.322566323331173,0.2645827144524287,1.8193976544460377,57,16,1.7453659473122525,0.1089585322952189,2.2231151682705743,1.1131879170507486,0.13806868620432558,1.6113753378813733,1.2263221273169607,0.07868230019799707,1.7169551503618332
1,c4,0.966512361590148,0.37571805344625064,1.439594114114696,58,17,1.9919260674114785,0.14197926813634426,2.4540462600958937,1.0294903609786583,0.20238465006384235,1.5036422152215343,1.0931496494119108,0.10750347260445464,1.5675504988681184
1,c4,1.302835114065862,0.17578583178454915,1.7916047789863079,49,18,1.021639026251221,0.060732536341759465,1.5095137351679482,1.4059682233963213,0.08600079804739874,1.9059682233963213,1.3981454952746795,0.07931021577329672,1.88977208493408
1,c4,0.8749602273089702,0.19751620000105402,1.369194231943221,45,19,0.9144383842556898,0.08468536236198686,1.409473830028802,0.7853295074686941,0.09674714109369234,1.2727924074667847,0.9237026721583542,0.10046917044140476,1.4062882697864458
1,c4,0.8577848931097816,0.23437493137688317,1.3462681826351042,47,20,0.9276749652178555,0.23224956567703864,1.388157061528645,0.8652972495565209,0.09232647331626377,1.3511898183663202,0.8762369033014857,0.07557399437714497,1.3605205677511083
1,c4,1.0545324702084402,0.2786590068558014,1.5138652480457755,73,21,1.333843627311538,0.13592895645829497,1.8308636877808817,0.9712220097947247,0.13426167696332628,1.429575295843324,1.1828364178844077,0.07666140652125325,1.6279657267563028
1,c4,0.9630215902919006,0.18972316351908605,1.4400707579638283,63,22,1.257414730999786,0.17420107785763886,1.7017278216845946,0.9339165916646738,0.15652224061667422,1.4215796349224592,1.219756474475434,0.10922080086981176,1.6817540883624806
1,c4,0.9972735827613434,0.18388419426793126,1.4769921551832832,53,23,0.8009100590511721,0.1724936893775261,1.248381839859562,0.9869116207325371,0.17611005737155805,1.4623804186638005,1.3183792993199803,0.09337811216172204,1.8108016588623121
1,c4,0.8997644420405754,0.25221329030208645,1.36023639139549,66,24,1.2522267484016365,0.18879311281834507,1.701002425078506,0.8516721916273364,0.15963846827863534,1.3174687722574578,1.1004709697378856,0.10941107358683605,1.5525961946621327
1,c4,0.8771907581683197,0.22745346622483054,1.3692281014465812,51,25,1.0323517727102625,0.13831517393035547,1.52096934264162,0.8218195707132648,0.16852285835003664,1.3051440608986087,0.8467223602888794,0.09965930949348666,1.333191885602617
1,c4,1.1033149907363389,0.2314234207802829,1.5990534358936623,63,26,1.0624498320803983,0.10316728661876239,1.5259692750981944,1.0771078654420556,0.10602905385001163,1.563396871052589,1.173294597359912,0.10372010140671924,1.6593253287627203
1,c4,0.9829772249969662,0.2102475681404361,1.472619203332803,55,27,0.9513061346661628,0.1972815290226311,1.4313162293463444,0.9836456632313776,0.10851944659650985,1.4674606944564392,0.9994848835656996,0.11770446150105933,1.483220126772455
1,c4,1.2769037498253886,0.13114920574380964,1.752422668247505,53,28,1.6051438307226618,0.13618681769312777,2.0874785719832136,1.375052849276058,0.09517483784601728,1.852120268553,1.7666521458251938,0.1274282219239707,2.2415549512464863
1,c4,0.9698936515536013,0.2596763919896653,1.4636650509699782,63,29,1.2089694624342806,0.15388357775348063,1.691546370761756,1.025349778515538,0.17299695481803307,1.5115736773524913,1.1986667576512575,0.11961181122117863,1.689049448955592
1,c4,1.0312522673319764,0.1527756396992897,1.4868012080137696,56,30,1.487220132155273,0.07060238108831982,1.9767296411461814,0.8850487788245304,0.21800152228967576,1.3487376797195307,1.541759320289445,0.11012131551251514,2.0065396550465477
1,c4,0.9709916583157854,0.16458859547533594,1.4557500863705448,68,31,1.1974124840628593,0.1456891692355522,1.692921026554685,1.1032099155021555,0.15883587103475763,1.596075881623751,1.121487212869416,0.08373140700169468,1.6048654316080275
1,c4,0.7745730754464948,0.22391593064122178,1.258681720405865,52,32,1.098096202606884,0.1631097360827969,1.595590814622038,0.8863171838319795,0.1808313289400303,1.371528893932781,1.2445091840592304,0.11065901855664169,1.7282648665779876
1,c4,0.8201531254294504,0.20967437549949286,1.3070313702315948,55,33,1.020347330682665,0.1537364576687105,1.4955003219246579,0.8131514895193509,0.13451810695733002,1.305667061986079,0.8241077245832266,0.10840564570045734,1.3163158566720035
1,c4,0.8984155841110432,0.3449709206433292,1.365386051144005,59,34,1.4952660823773578,0.1772437396878641,1.97689553597264,0.9844968609006226,0.2179836317185122,1.4544419584443005,1.1786937226612992,0.13482616892428792,1.636121183988031
1,c4,0.6084104427711373,0.1937498526739849,1.1002787758121462,60,35,0.5883063033023045,0.1266178830401755,1.0583029865139275,0.5417103244263699,0.11341768251804751,1.0311711668989516,0.5674559328738639,0.10571226092761207,1.0546709548345028
1,c4,0.8598042437531237,0.1349971225694278,1.3450919821357528,49,36,0.7947635204598736,0.2518166829796529,1.2160956026676186,0.8721217491517923,0.11580084078583319,1.3581069345180745,1.0013953547407854,0.11304166429938645,1.473677252447123
1,c4,1.3609354458938507,0.2773932804095994,1.8430235267201172,53,37,1.46381396154735,0.11631013678129866,1.9483909674965767,1.2831443149077455,0.24308922701609437,1.7722557943868957,1.655752661750278,0.12639353981424237,2.1389824012657943
1,c4,1.1326918286162888,0.36123929191748366,1.6149927767059884,57,38,1.278596355742645,0.13221367609178244,1.7490101556503586,1.1572784443414235,0.3017305094749813,1.6510730044417614,1.3527396617904974,0.11428208865088477,1.8384114028008172
1,c4,0.8565227229347326,0.2171414232835288,1.343453148044018,57,39,0.870393857105365,0.15752882895636008,1.2929640809245828,0.8706663207432106,0.22780143028182276,1.3625965351468343,0.7308855574082632,0.11674310079813535,1.21629221749948
1,c4,1.0007203947263055,0.26764889739199793,1.493829876383059,55,40,1.3237082858291238,0.15687866821138008,1.801970884944614,0.9692651211138951,0.13869864338017115,1.4635122344706386,1.064484689776804,0.07286831906557464,1.5521958300769019
1,c4,0.8707770938990433,0.3435380127534577,1.3440063589022675,74,41,1.8871741783796585,0.1312883028746109,2.3835498374028883,1.0324370183879124,0.19236488252028555,1.5072413800002182,1.3928338454748488,0.10318912900677517,1.8250494435014848
1,c4,0.992858503523208,0.1553307383125381,1.4841155803354058,48,42,0.6859151857734211,0.19374978651285346,1.1583070873205132,1.0194390635344521,0.12264240581506339,1.5087211903499136,1.2076768044908415,0.07744934574823976,1.7002512573429582
1,c4,0.8892126658141265,0.21689263121824656,1.3664616992745569,66,43,1.484788364410116,0.1634736193749254,1.9769606785446296,0.9437708456851054,0.11357697745091476,1.4251539658145596,1.3697879109240862,0.09542825610939569,1.8288780737928045
1,c4,2.2280748189866064,0.20924711864534082,2.7169540569356743,68,44,1.8821314360230186,0.08341097552846315,2.380352434091109,2.204710636339005,0.14804031913814608,2.696144229831829,2.598020984905675,0.08040014593108721,3.083175239745643
1,c4,1.215941767957588,0.201448706329846,1.6848039741546443,61,45,1.634687637636949,0.09579361519216287,2.1277202480700703,1.1352903909452732,0.1581452163422216,1.598792347830874,1.5015720016113412,0.1295193849097113,1.9464798552714742
1,c4,0.8997768976777738,0.19905975383638483,1.3952147223491032,57,46,0.6890949064596507,0.1336215702631307,1.172176424929308,0.7965989503937403,0.16133286919238363,1.2916799094864329,0.7757881238200016,0.12905982714590591,1.2726736022478087
1,c4,1.1184400494470699,0.3184698385159439,1.5966437239677365,71,47,1.6174326777534311,0.11896384736711088,2.109678894018462,1.2094165155788583,0.15551890512254554,1.6872137217266088,1.5603644987703942,0.08785879841848264,2.003253519318796
1,c4,0.8904390502849661,0.24726265381481458,1.384572055125699,57,48,1.0959116677619465,0.10889509649929935,1.5559509021120461,0.9376096120055195,0.1401426977855747,1.4293041126454433,0.8253699699811649,0.09489526906639967,1.2968728752575374
1,c4,0.9539810635009067,0.26491313397295574,1.4147860280935718,52,49,0.8188866889723538,0.16149500424009083,1.2940002478195407,1.0724863361214265,0.13001678629370872,1.5443766282386393,1.1675897550662557,0.1081172484238008,1.6402506552812524
1,c4,0.5907395164391346,0.20284755853030623,1.0843368513022984,45,50,0.6544919714146904,0.19249326949777337,1.1411876189482213,0.649192789624699,0.10826166100937039,1.1451305895133248,0.6110755436513214,0.10369244109169813,1.1039075074697755
1,c4,0.8243466272857564,0.21005787440299173,1.3146727571580292,56,51,0.8900615054036186,0.21697278151212365,1.3728538437898965,0.7783030522420611,0.1152880722556102,1.2698757743655773,0.8848886389377864,0.07417084688820198,1.364318028690377
1,c4,0.679421250772439,0.2100494393960028,1.1620288774586522,68,52,0.7805591288846833,0.15733799467918175,1.2742368917518738,0.7614905722692433,0.1319391013650062,1.2391015194849708,0.9180794963549679,0.13343296817680206,1.3838620759767049
1,c4,1.7307477423713746,0.30506102027428433,2.213095279469339,70,53,2.2473685654696016,0.13310429108767913,2.7353106303212233,1.9160382929611246,0.17121067497159004,2.387779286930697,2.4155764228922987,0.07570883243180496,2.8903890739826426
1,c4,1.5010963446295007,0.31227717481170425,1.9917634029197573,67,54,1.6682393488477978,0.10306492039731505,2.1561010836650123,1.5455506011265483,0.20906075035834534,2.0268688563771415,2.476195974493274,0.14772414750024918,2.9620984972636895
1,c4,0.8552959983905508,0.2651481090282547,1.3490773706538748,52,55,0.7323640556585626,0.11641517363811242,1.1362974308308902,0.8353570352841269,0.18264649168393624,1.326491025204175,0.7272912716784059,0.09001524029764159,1.2205316906197767
1,c4,0.8113342812539952,0.12510055121836355,1.3017763288422926,45,56,0.8074795732313057,0.2380027677044868,1.2856884641334494,0.8050756838802783,0.0916010575540916,1.2895304135790753,0.9026037268217847,0.09365646835714062,1.3794372537284494
1,c4,1.085059125726236,0.26558798358732844,1.568203384047538,53,57,1.060043430163121,0.14148692275636016,1.5286746968843061,1.050656421709385,0.11736355378445296,1.5238498406260612,1.1256470145452573,0.133077184494467,1.608268301333451
1,c4,1.097233047334058,0.1931838666243256,1.5911372475906154,46,58,0.8302809275474723,0.20433706036941984,1.3189427847801967,0.9263646970835205,0.17488715874441413,1.4052367050997223,1.132834129392929,0.10753186776444477,1.626352561854914
1,c4,1.0796658140240316,0.22848043104248314,1.548596528018587,58,59,1.4976084610129436,0.17764981829077442,1.9365361998373192,1.0219653350884996,0.12478297095216442,1.4953854836880291,1.4994382839704765,0.10736123702773856,1.9392431500349332
1,c4,0.9948546021986481,0.21817281637551345,1.4791560520353635,66,60,1.6366130687370402,0.15614726755634284,2.120339613313497,0.9091740090900344,0.18239378211292206,1.3700167337550435,1.2308762523208445,0.09914175185478984,1.6714246482447561
1,c4,0.8185025232407159,0.20487040293519385,1.2938976677802174,50,61,1.024378442740135,0.14432383484954506,1.5229370020797441,0.7471813867508048,0.11915854528358087,1.2121886129538497,1.0430575364809673,0.11469410450023133,1.4922763995833659
1,c4,1.105908505982417,0.25612693405309983,1.5971625971301369,56,62,1.0083281729561766,0.10057762273404827,1.4633736099202146,1.0380665094452382,0.13478045072507586,1.529002692428469,1.169217089485755,0.11738865953364959,1.6544112816470986
1,c4,1.1407610792456977,0.20848291213135986,1.6075403196014384,62,63,1.3968308878653921,0.19708524384740095,1.8630682584114777,1.197938330497843,0.1508374790957367,1.6765776513196997,1.263298456185606,0.11408532175870102,1.7204864762211738
1,c4,0.8743407709442547,0.33891798330559736,1.3645348879025765,58,64,0.9066743765900956,0.1321647704577257,1.3994961325816488,0.8212015462428108,0.1614863232746259,1.2955843557348419,0.9473627793886289,0.11912201289594342,1.418578958622868
1,c4,1.5139673295078582,0.3173256896562331,1.9985773665152116,60,65,1.3237839372580298,0.23189758763636256,1.7940551771307678,1.5878973781081005,0.11719769521485707,2.073013519556941,1.73550624373285,0.1077667029992881,2.2131689566588593
1,c4,0.8028964764275983,0.2383527465905401,1.3023472200960142,62,66,1.022693100824132,0.12271423150193521,1.5161424349398562,0.8308994000732511,0.12717312641325407,1.3298495337326033,0.8510987015999298,0.09003119406606269,1.3428119024293048
1,c4,1.039647592169039,0.17834585946111475,1.5151384229614215,55,67,1.0896590105819932,0.07911463980674265,1.5755561805081648,1.000103087558375,0.1368564698152434,1.476532776315552,1.179936887239881,0.0814444562594872,1.661723531139554
1,c4,0.9593282966060077,0.22118861448146743,1.4526130495875609,55,68,0.972890014255145,0.1439391651462453,1.4405560563329163,1.0450817709319324,0.12995681724034377,1.5450509041409493,1.1732037479343533,0.11164570438135839,1.6497346994722633
1,c4,1.1350389012416642,0.17926284142806148,1.6241194250416569,69,69,0.9653297277057667,0.12509103229945828,1.4409876779138637,1.3076225475977699,0.13719696492837335,1.8000611979415158,1.4099378407306724,0.09797661546073631,1.8824137380894737
1,c4,1.0303967271514514,0.24556240812778954,1.51271039770239,61,70,0.6880978482859322,0.13077354562966237,1.1587715806046288,1.0090719964561579,0.1171361029654773,1.4946393111222924,1.0856734750418353,0.1001955205052194,1.5555101542095406
1,c4,1.0592687006054409,0.18978723993495805,1.5432495659713144,48,71,1.0796256868355882,0.20978604986772148,1.5589184527516282,0.8568580839057964,0.11297654622714927,1.3429580517849053,0.9705459605650085,0.1046767156540227,1.4301395394535035
1,c4,0.7019179291412325,0.1952646240250994,1.1856240137141163,53,72,1.430353421931031,0.16572794394611562,1.8735829373238297,0.6870392717860342,0.12966053215950524,1.1667153968544037,0.8196492273139583,0.10702165843285225,1.2966169932617684
1,c4,1.2106969159220593,0.21395198639829688,1.6653576350421597,45,73,1.3963281616859735,0.12536009410056673,1.8760924291381005,1.1192952232808926,0.09730619889343757,1.5680462222601386,1.6236193970225148,0.09299014978120491,2.088537117184558
1,c4,1.3110144681040974,0.2573981926598051,1.7961269209555715,58,74,1.3096471478822644,0.14508948833234306,1.7923097148732363,1.4370142242285826,0.17086986830107145,1.9300855083962116,1.4815750675193946,0.08597198586690426,1.9639983012620237
1,c4,1.2625665309768566,0.14650087822481414,1.7406198814192357,57,75,1.7277012472143252,0.19312906463729093,2.2132665176085444,1.2227474613436762,0.10134944683408785,1.671917005187101,1.9917935493224521,0.09604490200967632,2.4632728511983473
1,c4,1.1819760991495527,0.21664244568964933,1.6576695734828168,50,76,1.6545681806526111,0.26644598569235195,2.1394732124155933,1.2310419177772836,0.17961067955656426,1.716109334279297,1.6181330951412076,0.09876398568594595,2.0990985181168758
1,c4,1.5143922798777603,0.27070817496132804,2.002436982775678,50,77,1.454150152255331,0.10153984407588723,1.9419094505621288,1.6568279724859007,0.10960414396577882,2.1461634311839024,1.8221383347555153,0.09154534145651269,2.299555553365287
1,c4,1.1107081738223619,0.2643776173024624,1.6054680822241696,48,78,1.0598438999211288,0.12333147625322453,1.553140981174253,1.224736722625302,0.09892451740049796,1.7208794505546106,1.219182023133997,0.05981972381596279,1.7032722731410435
1,c4,0.653555055298065,0.19486285548603363,1.1472848069484123,53,79,1.1587150904297832,0.23064286444035437,1.6544726992285985,0.6638521227335576,0.16718234236254736,1.1549454826443681,0.8678946768992998,0.10562609098022496,1.354535775983979
1,c4,1.2385506019224914,0.2329074321656547,1.7170084815340947,63,80,0.8867876031335439,0.23541447338694915,1.3407674865569112,1.3462190727925318,0.18966504935427414,1.8265493533516952,1.3658106037014677,0.10250599316327319,1.8470452814304474
1,c4,1.057816258339501,0.18447938265826788,1.5550333602000492,54,81,1.5169897375950978,0.15798961259247782,2.0089611973028467,1.053056468447771,0.09497159679051277,1.5525960512598442,0.9574785493511698,0.05328695156101646,1.451516246680974
1,c4,1.0730373016629466,0.12405738008450358,1.5646462324414157,65,82,1.1033204716322498,0.10530892837567463,1.5826571548535666,0.9072607201519471,0.09550772739326462,1.393300737246778,1.0427857882150027,0.08386237286322284,1.530865208494637
1,c4,0.8354523437065525,0.22154594788264062,1.3069155475685204,42,83,1.1057100359639491,0.100279814737587,1.5991226312658633,0.8895332502881541,0.11514990302457591,1.36012809235585,0.9090694784589967,0.1481922145623165,1.375337708085964
1,c4,1.1253145541754943,0.15296608271737275,1.6048024095392464,62,84,1.3064471636870016,0.10353744521457804,1.7549753894659217,1.1257954566052506,0.12078275888804989,1.614471145128605,1.2776434515094977,0.07833885302663417,1.746408874312527
1,c4,1.0448811461649892,0.22083459347831833,1.522348211048965,67,85,1.1834094505778001,0.14403923630905208,1.6303267940282473,1.0900386613870903,0.11137894371677248,1.5747755831887291,1.1816529314096085,0.12580251668276024,1.652286710656095
1,c4,0.8384971998429337,0.19837877796237371,1.327681967161602,69,86,1.3609435875517917,0.17668192512642164,1.8406506396274036,0.8657581607926431,0.14481380638655186,1.3558220384104092,1.0044979656139472,0.1376594067120965,1.4761236844460526
1,c4,1.0332901477045937,0.34294447835816516,1.5265857995126169,53,87,1.0479074950998923,0.15038577073806045,1.517699434468553,1.107700760760804,0.1143665405399909,1.5979459270660066,1.1771828505524833,0.14526710083116068,1.6548441356765329
1,c4,0.7946560324899312,0.36268746579798294,1.263767940315872,67,88,0.8802971327711826,0.10974823584102625,1.36371676137222,0.7519549967939565,0.19354976830119644,1.222023514779567,1.0084445539428064,0.13524511081788607,1.4879592204193108
1,c4,0.7585588759672766,0.28415721210480377,1.2399873062244289,56,89,0.9512365922348992,0.11282696283217543,1.410051872825188,0.7276658426584504,0.2069378125219758,1.2068934404961245,0.8937450030799854,0.101205333789559,1.3374833432630895
1,c4,1.124128619823596,0.22166581867442636,1.609857109134442,55,90,1.2484807204690873,0.1041967583991283,1.7369329765616375,1.2628384583064942,0.12539564720612328,1.7519029261148191,1.2012290844620914,0.11226557340229523,1.6962425055205286
1,c4,0.8025997890149137,0.21585562574456968,1.2797332195750502,53,91,1.2082999162642438,0.12653105030612813,1.6935910867860555,0.8388072215415349,0.1316768758939967,1.3037527356938863,1.2058166081753194,0.06630733387296545,1.6431570707555188
1,c4,1.2072969085663174,0.15593874542488873,1.6606304744084512,60,92,1.5246161931435784,0.1723931345792318,2.0139257691896906,1.1598359236480735,0.14930155594575573,1.6147694408830466,1.6996599489605928,0.11284989841951756,2.1318695447048124
1,c4,0.9800980578846683,0.35703559297018306,1.4525066489412342,52,93,1.2425552038188292,0.179797961122822,1.6924849089952156,1.1109052940175506,0.18789863649514396,1.5895926910250706,1.2746493469422597,0.11183509005618711,1.719240156138921
1,c4,0.7690278281118993,0.20441189793712478,1.245274619198065,54,94,1.0563968736598155,0.15062690510730667,1.544233765222805,0.8775392066880513,0.09064322088314078,1.3527195049252478,0.9905536118265887,0.11870621317858523,1.459538454146818
1,c4,1.1050939864492844,0.32776795415375093,1.6009270077418214,80,95,1.1406951050259557,0.16006236094583276,1.623054420498252,1.2255972028434492,0.16521641335094575,1.7161941980017918,1.374365568971843,0.10038694194290657,1.8625711699675822
1,c4,1.164704241714744,0.2762715009013326,1.6188675170821314,56,96,1.4099843379732113,0.1332408478642805,1.9050758875608915,1.3578660004184515,0.12207465798303019,1.8396332822144514,1.8539334533704601,0.10896351324143845,2.2816828967549987
1,c4,1.2361341405467154,0.3102229952963535,1.715485498447179,50,97,1.1143873328022895,0.2382192399595321,1.5761046332891886,1.2023655674806002,0.12194940607813705,1.6606826682682179,1.1822770846895303,0.11887762300259055,1.6323487748455892
1,c4,1.179735907489292,0.2020887999046863,1.6771164288651297,64,98,1.2058901230601597,0.15032235044463163,1.6995178709154715,1.2280076168222964,0.1480468551663012,1.7211489886776505,1.2239245034982578,0.08482773751552841,1.714377890443859
1,c4,1.048121226604227,0.1834849903106159,1.5302915283882312,72,99,1.3166530507332643,0.13037881560675862,1.8016710760084436,0.9454011862274057,0.16906260281834737,1.433551852149717,1.1515771340565166,0.09970368273237303,1.6184249532608859
