split,event_id,run,period,rf_flag,temperature_K,field_G,direction,child_partition,parent_partition,wrong_ring_partition,crossing_position,crossing_time_us,crossing_U,crossing_R,crossing_direction,parent_H,parent_ridge_distance,history_parent_distance,ridge_exposure,same_bank_H,same_bank_ridge_distance,same_bank_history_distance,same_bank_exposure,wrong_parent_H,wrong_frequency_minus_correct_distance,mismatch_parent_H,mismatch_lineage_minus_correct_distance,wrong_ring_H,wrong_ring_exposure,ring_correspondence_advantage
development,EMU00069983|RF off|F_to_B|0,EMU00069983,RF off,0,300.0,50.0,F_to_B,F,B,,7.561212341073841,2.76691760921204,0.854574668597257,0.854574668597257,R_to_U,0.7111418718807246,0.28885812811927536,0.656995304513548,0.3681371763942727,0.7111629234891801,0.2888370765108199,0.2846709848190401,-0.0041660916917798385,0.9942207204079485,-0.28307884852722387,1.2862803352158245,-0.0025777929034508373,nan,nan,nan
development,EMU00069983|RF on|F_to_B|0,EMU00069983,RF on,1,300.0,50.0,F_to_B,F,B,,12.466928542510344,3.080883367118193,0.8708346793783486,0.8708346793783487,R_to_U,0.7630951332952614,0.23690486670473865,0.2747149652465102,0.03781009854177153,0.7015830542830273,0.29841694571697275,0.483435787857729,0.18501884214075626,0.9667710638219238,-0.20367593052666244,1.1751419051278273,-0.0617629615769113,nan,nan,nan
development,EMU00069983|RF on|F_to_B|1,EMU00069983,RF on,1,300.0,50.0,F_to_B,F,B,,13.592673260619184,3.1529310337816026,0.8255003116908651,0.8255003116908651,U_to_R,0.7857936483488779,0.21420635165112212,0.2747149652465102,0.06050861359538806,0.7169690892727301,0.28303091072726994,0.483435787857729,0.20040487713045907,0.9652531981534752,-0.17945954980459733,1.200942408735043,-0.013263942916079019,nan,nan,nan
development,EMU00069983|RF on|F_to_B|2,EMU00069983,RF on,1,300.0,50.0,F_to_B,F,B,,15.414842722243145,3.2695499196399065,0.7860230658568155,0.7860230658568155,R_to_U,0.7904612970565134,0.20953870294348664,0.2747149652465102,0.06517626230302354,0.7652838472376879,0.23471615276231206,0.483435787857729,0.24871963509541695,1.1195572405743044,-0.08998146236918225,1.2142308926651035,0.004692189721616891,nan,nan,nan
development,EMU00069989|RF off|F_to_B|0,EMU00069989,RF off,0,300.0,86.0,F_to_B,F,B,,9.51732864435243,2.892108944570242,0.833587252201871,0.833587252201871,R_to_U,1.2655225071988705,0.2655225071988705,0.18208049547124472,-0.08344201172762578,1.3026450106813334,0.3026450106813334,0.2663614503121927,-0.03628356036914071,0.9044206927609952,-0.16994319995986573,1.181417291247163,-0.0841052159517075,nan,nan,nan
development,EMU00069995|RF off|F_to_B|0,EMU00069995,RF off,0,300.0,122.0,F_to_B,F,B,,4.229735933489022,2.553703109098941,0.769134113710965,0.769134113710965,R_to_U,1.1956584204875789,0.19565842048757887,0.1642960467005401,-0.031362373787038766,1.2535460930674729,0.2535460930674729,0.167419578671677,-0.08612651439579588,0.9392864437948981,-0.13494486428247698,0.8971113138096698,-0.09276973429724866,nan,nan,nan
development,EMU00069995|RF on|F_to_B|0,EMU00069995,RF on,1,300.0,122.0,F_to_B,F,B,,10.969103206660174,2.985022589774854,0.8324230571977842,0.8324230571977843,R_to_U,1.205068501262311,0.20506850126231102,0.20536141397716356,0.00029291271485254455,1.2292141188298438,0.22921411882984377,0.2193979863497737,-0.009816132480070072,0.9629457130026884,-0.1680142142649994,0.8347796515456204,-0.039848152807931414,nan,nan,nan
development,EMU00070001|RF off|F_to_B|0,EMU00070001,RF off,0,300.0,158.0,F_to_B,F,B,,0.6039688209916683,2.321653931251263,0.8413428359967214,0.8413428359967214,R_to_U,0.8889738844179418,0.11102611558205822,0.169203878989727,0.05817776340766878,0.9183263928829991,0.08167360711700089,0.21589968096787637,0.13422607385087548,1.0247215993756582,-0.0863045162064,0.9208189809490368,-0.03184509653109502,nan,nan,nan
development,EMU00070001|RF on|F_to_B|0,EMU00070001,RF on,1,300.0,158.0,F_to_B,F,B,,13.83359595951234,3.1683500603179207,0.874419170865017,0.8744191708650169,R_to_U,0.8016048729028907,0.19839512709710927,0.38007586464639354,0.18168073754928427,0.89222327318203,0.10777672681797001,0.10528141398923563,-0.002495312828734386,0.9737146523976233,-0.1721097794947326,0.9095480046785044,-0.10794313177561365,nan,nan,nan
development,EMU00070001|RF on|F_to_B|1,EMU00070001,RF on,1,300.0,158.0,F_to_B,F,B,,14.16493723051797,3.1895559049633317,0.8671769421878806,0.8671769421878806,U_to_R,0.7898490996437666,0.2101509003562334,0.38007586464639354,0.16992496429016013,0.8958641794154645,0.10413582058453552,0.10528141398923563,0.001145593404700107,0.9592018232267309,-0.16935272358296427,0.9086241284808029,-0.11877502883703628,nan,nan,nan
development,EMU00070001|RF on|F_to_B|2,EMU00070001,RF on,1,300.0,158.0,F_to_B,F,B,,15.452330697643285,3.2719491459898653,0.8439357486245284,0.8439357486245285,R_to_U,0.7789320670716487,0.22106793292835125,0.38007586464639354,0.15900793171804228,0.9107251187458318,0.08927488125416816,0.10528141398923563,0.01600653273506747,0.9328619619219409,-0.15392989485029218,0.9036990263515399,-0.12476695927989112,nan,nan,nan
development,EMU00070007|RF off|F_to_B|0,EMU00070007,RF off,0,300.0,194.0,F_to_B,F,B,,1.8604540600095887,2.4020690550929866,0.8322244889694089,0.8322244889694089,R_to_U,0.9247639509392964,0.07523604906070358,0.18382565774474435,0.10858960868404077,0.936186755712311,0.06381324428768897,0.07663034911617528,0.012817104828486303,1.0652657739036306,-0.009970275157072939,1.1832741778483464,0.10803812878764285,nan,nan,nan
development,EMU00070007|RF on|F_to_B|0,EMU00070007,RF on,1,300.0,194.0,F_to_B,F,B,,3.6536278200652124,2.5168321698920786,0.9189297516646666,0.9189297516646666,R_to_U,0.8940584031185312,0.10594159688146876,0.08414855353927297,-0.021793043342195784,0.9199946287561852,0.0800053712438148,0.6534685307600518,0.573463159516237,1.1050576496955755,-0.0008839471858932413,1.1042992791976416,-0.0016423176838271658,nan,nan,nan
development,EMU00070013|RF off|F_to_B|0,EMU00070013,RF off,0,300.0,230.0,F_to_B,F,B,,3.24401613399161,2.4906169688568527,0.8057096208373152,0.8057096208373152,R_to_U,1.1813745823559205,0.18137458235592052,0.12929326510077965,-0.05208131725514087,1.0687113739561056,0.0687113739561056,0.09598009475772873,0.027268720801623125,0.9643991551422257,-0.14577373749814626,1.0977482330399504,-0.08362634931597013,nan,nan,nan
development,EMU00070013|RF on|F_to_B|0,EMU00070013,RF on,1,300.0,230.0,F_to_B,F,B,,5.704617537560694,2.648095539405976,0.8634964197244437,0.8634964197244437,R_to_U,1.0969731587343299,0.09697315873432988,0.07509811559028767,-0.021875043144042206,1.1125003274306922,0.11250032743069216,0.12723859480628108,0.01473826737558892,1.054077705595226,-0.04289545313910392,1.0678732814006116,-0.029099877333718327,nan,nan,nan
development,EMU00070019|RF off|F_to_B|0,EMU00070019,RF off,0,300.0,266.0,F_to_B,F,B,,4.577742588403851,2.5759754971785993,0.8214322084745231,0.821432208474523,R_to_U,1.11232762246941,0.11232762246941008,0.1496271538093007,0.03729953133989061,1.0796086267749316,0.07960862677493163,0.2863586137841718,0.2067499870092402,0.982108395907725,-0.09443601837713511,0.9925020186674585,-0.10482964113686855,nan,nan,nan
development,EMU00070019|RF on|F_to_B|0,EMU00070019,RF on,1,300.0,266.0,F_to_B,F,B,,4.32060829876945,2.5595189305973474,0.7935540253882011,0.7935540253882011,R_to_U,1.0475193958221312,0.04751939582213116,0.11965190896888889,0.07213251314675773,1.1108533754378953,0.11085337543789531,0.22828778677227968,0.11743441133438437,1.0277811699353667,-0.019738225886764438,0.9902813799306139,-0.0378007757527451,nan,nan,nan
development,EMU00069983|RF off|B_to_F|0,EMU00069983,RF off,0,300.0,50.0,B_to_F,B,F,,7.019669082312717,2.7322587704133263,0.8329770661555879,0.8329770661555879,R_to_U,0.6885566519565763,0.31144334804342366,0.2846709848190401,-0.02677236322438359,0.7048101387932594,0.2951898612067406,0.656995304513548,0.3618054433068074,0.9604974111833805,-0.27194075922680416,1.2665313263578653,-0.04491202168555841,nan,nan,nan
development,EMU00069983|RF on|B_to_F|0,EMU00069983,RF on,1,300.0,50.0,B_to_F,B,F,,16.417739028378154,3.3337352737955377,0.9418574035399214,0.9418574035399213,R_to_U,0.7795257093803563,0.22047429061964374,0.483435787857729,0.26296149723808526,0.7731552260833511,0.22684477391664892,0.2747149652465102,0.047870191329861256,0.5526849732090313,0.22684073617132494,1.261788738086076,0.0413144474664322,nan,nan,nan
development,EMU00069989|RF off|B_to_F|0,EMU00069989,RF off,0,300.0,86.0,B_to_F,B,F,,10.615554988304213,2.9623954579449725,0.8572076138825975,0.8572076138825975,R_to_U,1.3175441137018415,0.31754411370184155,0.2663614503121927,-0.05118266338964883,1.2489877042757802,0.2489877042757802,0.18208049547124472,-0.06690720880453549,0.9656698015609319,-0.2832139152627734,1.2254764840745016,-0.09206762962733994,nan,nan,nan
development,EMU00069989|RF off|B_to_F|1,EMU00069989,RF off,0,300.0,86.0,B_to_F,B,F,,16.776731216613854,3.356710820403804,0.7186987103810415,0.7186987103810414,U_to_R,1.3320229668402999,0.33202296684029986,0.2663614503121927,-0.06566151652810714,1.1872481948170506,0.18724819481705057,0.18208049547124472,-0.005167699345805854,0.7917776061605444,-0.12380057300084424,1.240366193545368,-0.09165677329493183,nan,nan,nan
development,EMU00069989|RF off|B_to_F|2,EMU00069989,RF off,0,300.0,86.0,B_to_F,B,F,,17.038120436079986,3.3734397552631212,0.7091376473564682,0.7091376473564683,R_to_U,1.3336475844707711,0.33364758447077114,0.2663614503121927,-0.06728613415857843,1.1825546812725145,0.1825546812725145,0.18208049547124472,-0.0004741858012697886,0.7797097802521212,-0.11335736472289237,1.248404473589252,-0.08524311088151904,nan,nan,nan
development,EMU00069989|RF on|B_to_F|0,EMU00069989,RF on,1,300.0,86.0,B_to_F,B,F,,9.469026982268424,2.889017643448168,0.9316787364936939,0.9316787364936939,R_to_U,1.157680149832223,0.1576801498322229,0.1645344907681079,0.006854340935884995,1.1945156015792724,0.1945156015792724,0.16601706193974453,-0.028498539639527865,0.8718579096100683,-0.029538059442291154,1.226081004240853,0.06840085440863009,nan,nan,nan
development,EMU00069995|RF off|B_to_F|0,EMU00069995,RF off,0,300.0,122.0,B_to_F,B,F,,6.021131651097952,2.66835247868597,0.8306300085584457,0.8306300085584457,R_to_U,1.2728616435108975,0.2728616435108975,0.167419578671677,-0.10544206483922047,1.1640001666128197,0.1640001666128197,0.1642960467005401,0.00029588008772041263,1.0262684186743818,-0.2465932248365157,0.9029198259728245,-0.17578146948372197,nan,nan,nan
development,EMU00069995|RF on|B_to_F|0,EMU00069995,RF on,1,300.0,122.0,B_to_F,B,F,,10.20620447823193,2.9361969722077053,0.8664647043550231,0.8664647043550231,R_to_U,1.23539146203959,0.23539146203959005,0.2193979863497737,-0.01599347568981635,1.197835946891903,0.1978359468919031,0.20536141397716356,0.007525467085260473,1.096119449802813,-0.139272012236777,0.8993904947959764,-0.13478195683556649,nan,nan,nan
development,EMU00070001|RF off|B_to_F|0,EMU00070001,RF off,0,300.0,158.0,B_to_F,B,F,,6.525653394968329,2.7006418154426393,0.8001863395562493,0.8001863395562493,R_to_U,0.902482302656862,0.09751769734313798,0.21589968096787637,0.1183819836247384,0.8771198719508687,0.12288012804913129,0.169203878989727,0.04632375094059571,0.9470822302852528,-0.04459992762839082,0.9670102330542631,-0.06452793039740112,nan,nan,nan
development,EMU00070001|RF off|B_to_F|1,EMU00070001,RF off,0,300.0,158.0,B_to_F,B,F,,7.593091411736877,2.768957873869181,0.7562665304392991,0.7562665304392991,U_to_R,0.8967445907900877,0.10325540920991227,0.21589968096787637,0.1126442717579641,0.8549335301863131,0.14506646981368687,0.169203878989727,0.024137409176040125,0.94706151949853,-0.05031692870844229,0.9409083223898866,-0.04416373159979892,nan,nan,nan
development,EMU00070001|RF off|B_to_F|2,EMU00070001,RF off,0,300.0,158.0,B_to_F,B,F,,8.169402034129117,2.8058417880610107,0.7398896552152776,0.7398896552152775,R_to_U,0.8925675959560241,0.10743240404397592,0.21589968096787637,0.10846727692390046,0.8514125333558362,0.14858746664416378,0.169203878989727,0.020616412345563218,0.9374796292206973,-0.04491203326467319,0.9271709968507437,-0.03460340089471958,nan,nan,nan
development,EMU00070001|RF on|B_to_F|0,EMU00070001,RF on,1,300.0,158.0,B_to_F,B,F,,2.119214893672941,2.4186297535856,0.8110751919502699,0.8110751919502699,R_to_U,0.8826903765193325,0.11730962348066754,0.10528141398923563,-0.012028209491431907,0.9227175517254952,0.07728244827450481,0.38007586464639354,0.3027934163718887,1.0471898830021018,-0.07011974047856573,0.9417874645424408,-0.05909708802310831,nan,nan,nan
development,EMU00070007|RF off|B_to_F|0,EMU00070007,RF off,0,300.0,194.0,B_to_F,B,F,,8.172407110961807,2.806034112651594,0.7875062123051744,0.7875062123051743,R_to_U,0.9271913145426384,0.07280868545736163,0.07663034911617528,0.0038216636588136454,0.9845764545655898,0.015423545434410157,0.18382565774474435,0.1684021123103342,1.0800872197988636,0.007278534341501941,1.07082218445936,-0.0019865009980016834,nan,nan,nan
development,EMU00070007|RF on|B_to_F|0,EMU00070007,RF on,1,300.0,194.0,B_to_F,B,F,,10.911134210082192,2.9813125664753017,0.8311090417391745,0.8311090417391745,R_to_U,0.9749196673756185,0.025080332624381474,0.6534685307600518,0.6283881981356704,0.9260343032296042,0.07396569677039577,0.08414855353927297,0.010182856768877202,1.033372220535143,0.00829188791076152,1.1198462338911381,0.09476590126675666,nan,nan,nan
development,EMU00070013|RF on|B_to_F|0,EMU00070013,RF on,1,300.0,230.0,B_to_F,B,F,,9.655136412332899,2.900928626738687,0.8582455171271705,0.8582455171271705,R_to_U,1.1310670533469673,0.13106705334696733,0.12723859480628108,-0.0038284585406862526,1.0280177235182966,0.028017723518296567,0.07509811559028767,0.047080392071991106,0.9957730444354463,-0.12684009778241367,1.063833662123673,-0.0672333912232943,nan,nan,nan
development,EMU00070013|RF on|B_to_F|1,EMU00070013,RF on,1,300.0,230.0,B_to_F,B,F,,10.486056362563964,2.9541075291016625,0.8491021490102578,0.8491021490102578,U_to_R,1.1209171736375991,0.12091717363759913,0.12723859480628108,0.006321421168681951,1.0078302149754994,0.007830214975499405,0.07509811559028767,0.06726790061478827,0.9802695398513821,-0.10118671348898123,1.0889430899170136,-0.03197408372058552,nan,nan,nan
development,EMU00070013|RF on|B_to_F|2,EMU00070013,RF on,1,300.0,230.0,B_to_F,B,F,,11.218036627156792,3.0009543089892468,0.8409028318199621,0.840902831819962,R_to_U,1.115197164388755,0.11519716438875505,0.12723859480628108,0.012041430417526033,1.0001391113820222,0.00013911138202216122,0.07509811559028767,0.07495900420826551,0.9601154685389546,-0.07531263292770962,1.1065388842857822,-0.00865828010297287,nan,nan,nan
